"https://www.ynet.co.il/articles/0,7340,L-5064992,00.html",01.01.2018
"https://www.ynet.co.il/articles/0,7340,L-5065116,00.html",02.01.2018
"https://www.ynet.co.il/articles/0,7340,L-5065179,00.html",02.01.2018
"https://www.ynet.co.il/articles/0,7340,L-5065740,00.html",03.01.2018
"https://www.ynet.co.il/articles/0,7340,L-5066201,00.html",04.01.2018
"https://www.ynet.co.il/articles/0,7340,L-5067275,00.html",07.01.2018
"https://www.ynet.co.il/articles/0,7340,L-5067871,00.html",08.01.2018
"https://www.ynet.co.il/articles/0,7340,L-5068349,00.html",09.01.2018
"https://www.ynet.co.il/articles/0,7340,L-5068638,00.html",09.01.2018
"https://www.ynet.co.il/articles/0,7340,L-5069056,00.html",10.01.2018
"https://www.ynet.co.il/articles/0,7340,L-5069496,00.html",11.01.2018
"https://www.ynet.co.il/articles/0,7340,L-5071045,00.html",14.01.2018
"https://www.ynet.co.il/articles/0,7340,L-5072039,00.html",17.01.2018
"https://www.ynet.co.il/articles/0,7340,L-5077173,00.html",28.01.2018
"https://www.ynet.co.il/articles/0,7340,L-5077906,00.html",29.01.2018
"https://www.ynet.co.il/articles/0,7340,L-5078069,00.html",30.01.2018
"https://www.ynet.co.il/articles/0,7340,L-5078183,00.html",30.01.2018
"https://www.ynet.co.il/articles/0,7340,L-5078381,00.html",30.01.2018
"https://www.ynet.co.il/articles/0,7340,L-5079944,00.html",03.02.2018
"https://www.ynet.co.il/articles/0,7340,L-5081965,00.html",03.02.2018
"https://www.ynet.co.il/articles/0,7340,L-5086425,00.html",04.02.2018
"https://www.ynet.co.il/articles/0,7340,L-5092264,00.html",06.02.2018
"https://www.ynet.co.il/articles/0,7340,L-5093828,00.html",06.02.2018
"https://www.ynet.co.il/articles/0,7340,L-5095267,00.html",07.02.2018
"https://www.ynet.co.il/articles/0,7340,L-5094565,00.html",07.02.2018
"https://www.ynet.co.il/articles/0,7340,L-5099547,00.html",08.02.2018
"https://www.ynet.co.il/articles/0,7340,L-5104525,00.html",10.02.2018
"https://www.ynet.co.il/articles/0,7340,L-5104585,00.html",10.02.2018
"https://www.ynet.co.il/articles/0,7340,L-5104806,00.html",10.02.2018
"https://www.ynet.co.il/articles/0,7340,L-5106088,00.html",11.02.2018
"https://www.ynet.co.il/articles/0,7340,L-5106545,00.html",11.02.2018
"https://www.ynet.co.il/articles/0,7340,L-5106924,00.html",11.02.2018
"https://www.ynet.co.il/articles/0,7340,L-5107905,00.html",12.02.2018
"https://www.ynet.co.il/articles/0,7340,L-5116485,00.html",16.02.2018
"https://www.ynet.co.il/articles/0,7340,L-5120367,00.html",18.02.2018
"https://www.ynet.co.il/articles/0,7340,L-5120724,00.html",19.02.2018
"https://www.ynet.co.il/articles/0,7340,L-5120904,00.html",19.02.2018
"https://www.ynet.co.il/articles/0,7340,L-5122231,00.html",20.02.2018
"https://www.ynet.co.il/articles/0,7340,L-5126505,00.html",22.02.2018
"https://www.ynet.co.il/articles/0,7340,L-5136264,00.html",28.02.2018
"https://www.ynet.co.il/articles/0,7340,L-5136584,00.html",28.02.2018
"https://www.ynet.co.il/articles/0,7340,L-5150725,00.html",08.03.2018
"https://www.ynet.co.il/articles/0,7340,L-5157824,00.html",12.03.2018
"https://www.ynet.co.il/articles/0,7340,L-5161847,00.html",13.03.2018
"https://www.ynet.co.il/articles/0,7340,L-5168809,00.html",15.03.2018
"https://www.ynet.co.il/articles/0,7340,L-5168805,00.html",15.03.2018
"https://www.ynet.co.il/articles/0,7340,L-5169926,00.html",15.03.2018
"https://www.ynet.co.il/articles/0,7340,L-5175645,00.html",18.03.2018
"https://www.ynet.co.il/articles/0,7340,L-5176365,00.html",18.03.2018
"https://www.ynet.co.il/articles/0,7340,L-5195505,00.html",25.03.2018
"https://www.ynet.co.il/articles/0,7340,L-5198285,00.html",26.03.2018
"https://www.ynet.co.il/articles/0,7340,L-5213224,00.html",31.03.2018
"https://www.ynet.co.il/articles/0,7340,L-5213466,00.html",31.03.2018
"https://www.ynet.co.il/articles/0,7340,L-5213565,00.html",31.03.2018
"https://www.ynet.co.il/articles/0,7340,L-5218714,00.html",04.04.2018
"https://www.ynet.co.il/articles/0,7340,L-5224847,00.html",09.04.2018
"https://www.ynet.co.il/articles/0,7340,L-5224991,00.html",09.04.2018
"https://www.ynet.co.il/articles/0,7340,L-5231983,00.html",16.04.2018
"https://www.ynet.co.il/articles/0,7340,L-5226173,00.html",16.04.2018
"https://www.ynet.co.il/articles/0,7340,L-5232780,00.html",17.04.2018
"https://www.ynet.co.il/articles/0,7340,L-5233928,00.html",18.04.2018
"https://www.ynet.co.il/articles/0,7340,L-5228254,00.html",18.04.2018
"https://www.ynet.co.il/articles/0,7340,L-5235624,00.html",20.04.2018
"https://www.ynet.co.il/articles/0,7340,L-5238475,00.html",23.04.2018
"https://www.ynet.co.il/articles/0,7340,L-5238583,00.html",23.04.2018
"https://www.ynet.co.il/articles/0,7340,L-5239347,00.html",24.04.2018
"https://www.ynet.co.il/articles/0,7340,L-5240485,00.html",25.04.2018
"https://www.ynet.co.il/articles/0,7340,L-5245927,00.html",29.04.2018
"https://www.ynet.co.il/articles/0,7340,L-5246498,00.html",30.04.2018
"https://www.ynet.co.il/articles/0,7340,L-5246906,00.html",30.04.2018
"https://www.ynet.co.il/articles/0,7340,L-5247946,00.html",01.05.2018
"https://www.ynet.co.il/articles/0,7340,L-5249075,00.html",02.05.2018
"https://www.ynet.co.il/articles/0,7340,L-5252471,00.html",06.05.2018
"https://www.ynet.co.il/articles/0,7340,L-5253487,00.html",07.05.2018
"https://www.ynet.co.il/articles/0,7340,L-5255351,00.html",09.05.2018
"https://www.ynet.co.il/articles/0,7340,L-5255535,00.html",09.05.2018
"https://www.ynet.co.il/articles/0,7340,L-5255765,00.html",09.05.2018
"https://www.ynet.co.il/articles/0,7340,L-5256206,00.html",10.05.2018
"https://www.ynet.co.il/articles/0,7340,L-5256282,00.html",10.05.2018
"https://www.ynet.co.il/articles/0,7340,L-5256431,00.html",10.05.2018
"https://www.ynet.co.il/articles/0,7340,L-5256849,00.html",10.05.2018
"https://www.ynet.co.il/articles/0,7340,L-5256886,00.html",10.05.2018
"https://www.ynet.co.il/articles/0,7340,L-5256713,00.html",10.05.2018
"https://www.ynet.co.il/articles/0,7340,L-5256782,00.html",12.05.2018
"https://www.ynet.co.il/articles/0,7340,L-5259429,00.html",13.05.2018
"https://www.ynet.co.il/articles/0,7340,L-5259523,00.html",13.05.2018
"https://www.ynet.co.il/articles/0,7340,L-5259578,00.html",13.05.2018
"https://www.ynet.co.il/articles/0,7340,L-5260265,00.html",14.05.2018
"https://www.ynet.co.il/articles/0,7340,L-5260450,00.html",14.05.2018
"https://www.ynet.co.il/articles/0,7340,L-5261300,00.html",15.05.2018
"https://www.ynet.co.il/articles/0,7340,L-5263145,00.html",17.05.2018
"https://www.ynet.co.il/articles/0,7340,L-5267484,00.html",22.05.2018
"https://www.ynet.co.il/articles/0,7340,L-5270448,00.html",25.05.2018
"https://www.ynet.co.il/articles/0,7340,L-5271913,00.html",27.05.2018
"https://www.ynet.co.il/articles/0,7340,L-5273502,00.html",29.05.2018
"https://www.ynet.co.il/articles/0,7340,L-5273574,00.html",29.05.2018
"https://www.ynet.co.il/articles/0,7340,L-5273585,00.html",29.05.2018
"https://www.ynet.co.il/articles/0,7340,L-5273909,00.html",29.05.2018
"https://www.ynet.co.il/articles/0,7340,L-5273988,00.html",29.05.2018
"https://www.ynet.co.il/articles/0,7340,L-5274350,00.html",30.05.2018
"https://www.ynet.co.il/articles/0,7340,L-5274486,00.html",30.05.2018
"https://www.ynet.co.il/articles/0,7340,L-5274547,00.html",30.05.2018
"https://www.ynet.co.il/articles/0,7340,L-5274560,00.html",30.05.2018
"https://www.ynet.co.il/articles/0,7340,L-5274937,00.html",30.05.2018
"https://www.ynet.co.il/articles/0,7340,L-5276987,00.html",02.06.2018
"https://www.ynet.co.il/articles/0,7340,L-5277544,00.html",03.06.2018
"https://www.ynet.co.il/articles/0,7340,L-5279890,00.html",06.06.2018
"https://www.ynet.co.il/articles/0,7340,L-5272944,00.html",06.06.2018
"https://www.ynet.co.il/articles/0,7340,L-5280224,00.html",06.06.2018
"https://www.ynet.co.il/articles/0,7340,L-5282486,00.html",09.06.2018
"https://www.ynet.co.il/articles/0,7340,L-5283295,00.html",10.06.2018
"https://www.ynet.co.il/articles/0,7340,L-5283809,00.html",10.06.2018
"https://www.ynet.co.il/articles/0,7340,L-5284213,00.html",11.06.2018
"https://www.ynet.co.il/articles/0,7340,L-5289324,00.html",17.06.2018
"https://www.ynet.co.il/articles/0,7340,L-5289714,00.html",17.06.2018
"https://www.ynet.co.il/articles/0,7340,L-5290185,00.html",18.06.2018
"https://www.ynet.co.il/articles/0,7340,L-5290782,00.html",18.06.2018
"https://www.ynet.co.il/articles/0,7340,L-5291430,00.html",19.06.2018
"https://www.ynet.co.il/articles/0,7340,L-5291609,00.html",19.06.2018
"https://www.ynet.co.il/articles/0,7340,L-5292050,00.html",20.06.2018
"https://www.ynet.co.il/articles/0,7340,L-5292109,00.html",20.06.2018
"https://www.ynet.co.il/articles/0,7340,L-5292083,00.html",20.06.2018
"https://www.ynet.co.il/articles/0,7340,L-5292081,00.html",20.06.2018
"https://www.ynet.co.il/articles/0,7340,L-5292595,00.html",20.06.2018
"https://www.ynet.co.il/articles/0,7340,L-5295093,00.html",24.06.2018
"https://www.ynet.co.il/articles/0,7340,L-5295089,00.html",24.06.2018
"https://www.ynet.co.il/articles/0,7340,L-5296465,00.html",26.06.2018
"https://www.ynet.co.il/articles/0,7340,L-5297348,00.html",27.06.2018
"https://www.ynet.co.il/articles/0,7340,L-5297613,00.html",27.06.2018
"https://www.ynet.co.il/articles/0,7340,L-5298025,00.html",27.06.2018
"https://www.ynet.co.il/articles/0,7340,L-5300969,00.html",01.07.2018
"https://www.ynet.co.il/articles/0,7340,L-5304355,00.html",05.07.2018
"https://www.ynet.co.il/articles/0,7340,L-5307482,00.html",11.07.2018
"https://www.ynet.co.il/articles/0,7340,L-5308604,00.html",12.07.2018
"https://www.ynet.co.il/articles/0,7340,L-5309266,00.html",13.07.2018
"https://www.ynet.co.il/articles/0,7340,L-5309651,00.html",14.07.2018
"https://www.ynet.co.il/articles/0,7340,L-5309833,00.html",14.07.2018
"https://www.ynet.co.il/articles/0,7340,L-5309868,00.html",14.07.2018
"https://www.ynet.co.il/articles/0,7340,L-5310026,00.html",14.07.2018
"https://www.ynet.co.il/articles/0,7340,L-5310169,00.html",15.07.2018
"https://www.ynet.co.il/articles/0,7340,L-5310190,00.html",15.07.2018
"https://www.ynet.co.il/articles/0,7340,L-5310344,00.html",15.07.2018
"https://www.ynet.co.il/articles/0,7340,L-5310484,00.html",15.07.2018
"https://www.ynet.co.il/articles/0,7340,L-5311036,00.html",16.07.2018
"https://www.ynet.co.il/articles/0,7340,L-5311065,00.html",16.07.2018
"https://www.ynet.co.il/articles/0,7340,L-5312144,00.html",18.07.2018
"https://www.ynet.co.il/articles/0,7340,L-5313950,00.html",21.07.2018
"https://www.ynet.co.il/articles/0,7340,L-5314935,00.html",23.07.2018
"https://www.ynet.co.il/articles/0,7340,L-5314962,00.html",23.07.2018
"https://www.ynet.co.il/articles/0,7340,L-5315045,00.html",23.07.2018
"https://www.ynet.co.il/articles/0,7340,L-5315604,00.html",24.07.2018
"https://www.ynet.co.il/articles/0,7340,L-5315810,00.html",24.07.2018
"https://www.ynet.co.il/articles/0,7340,L-5315722,00.html",24.07.2018
"https://www.ynet.co.il/articles/0,7340,L-5316605,00.html",25.07.2018
"https://www.ynet.co.il/articles/0,7340,L-5316659,00.html",25.07.2018
"https://www.ynet.co.il/articles/0,7340,L-5316762,00.html",25.07.2018
"https://www.ynet.co.il/articles/0,7340,L-5317188,00.html",26.07.2018
"https://www.ynet.co.il/articles/0,7340,L-5317226,00.html",26.07.2018
"https://www.ynet.co.il/articles/0,7340,L-5317350,00.html",26.07.2018
"https://www.ynet.co.il/articles/0,7340,L-5317373,00.html",26.07.2018
"https://www.ynet.co.il/articles/0,7340,L-5319092,00.html",29.07.2018
"https://www.ynet.co.il/articles/0,7340,L-5319986,00.html",31.07.2018
"https://www.ynet.co.il/articles/0,7340,L-5321069,00.html",01.08.2018
"https://www.ynet.co.il/articles/0,7340,L-5324049,00.html",07.08.2018
"https://www.ynet.co.il/articles/0,7340,L-5324433,00.html",07.08.2018
"https://www.ynet.co.il/articles/0,7340,L-5325213,00.html",08.08.2018
"https://www.ynet.co.il/articles/0,7340,L-5325230,00.html",08.08.2018
"https://www.ynet.co.il/articles/0,7340,L-5325093,00.html",09.08.2018
"https://www.ynet.co.il/articles/0,7340,L-5325419,00.html",09.08.2018
"https://www.ynet.co.il/articles/0,7340,L-5325550,00.html",09.08.2018
"https://www.ynet.co.il/articles/0,7340,L-5325656,00.html",09.08.2018
"https://www.ynet.co.il/articles/0,7340,L-5325671,00.html",09.08.2018
"https://www.ynet.co.il/articles/0,7340,L-5325731,00.html",09.08.2018
"https://www.ynet.co.il/articles/0,7340,L-5325746,00.html",09.08.2018
"https://www.ynet.co.il/articles/0,7340,L-5325773,00.html",09.08.2018
"https://www.ynet.co.il/articles/0,7340,L-5325836,00.html",09.08.2018
"https://www.ynet.co.il/articles/0,7340,L-5325931,00.html",09.08.2018
"https://www.ynet.co.il/articles/0,7340,L-5326028,00.html",09.08.2018
"https://www.ynet.co.il/articles/0,7340,L-5326958,00.html",12.08.2018
"https://www.ynet.co.il/articles/0,7340,L-5327897,00.html",13.08.2018
"https://www.ynet.co.il/articles/0,7340,L-5335966,00.html",27.08.2018
"https://www.ynet.co.il/articles/0,7340,L-5335935,00.html",27.08.2018
"https://www.ynet.co.il/articles/0,7340,L-5338725,00.html",31.08.2018
"https://www.ynet.co.il/articles/0,7340,L-5341052,00.html",04.09.2018
"https://www.ynet.co.il/articles/0,7340,L-5342656,00.html",09.09.2018
"https://www.ynet.co.il/articles/0,7340,L-5345544,00.html",09.09.2018
"https://www.ynet.co.il/articles/0,7340,L-5352617,00.html",17.09.2018
"https://www.ynet.co.il/articles/0,7340,L-5353041,00.html",שפורסם20
"https://www.ynet.co.il/articles/0,7340,L-5353030,00.html",18.09.2018
"https://www.ynet.co.il/articles/0,7340,L-5354286,00.html",20.09.2018
"https://www.ynet.co.il/articles/0,7340,L-5354428,00.html",20.09.2018
"https://www.ynet.co.il/articles/0,7340,L-5354651,00.html",20.09.2018
"https://www.ynet.co.il/articles/0,7340,L-5355134,00.html",21.09.2018
"https://www.ynet.co.il/articles/0,7340,L-5359096,00.html",27.09.2018
"https://www.ynet.co.il/articles/0,7340,L-5359276,00.html",27.09.2018
"https://www.ynet.co.il/articles/0,7340,L-5359468,00.html",27.09.2018
"https://www.ynet.co.il/articles/0,7340,L-5359255,00.html",28.09.2018
"https://www.ynet.co.il/articles/0,7340,L-5359775,00.html",28.09.2018
"https://www.ynet.co.il/articles/0,7340,L-5360565,00.html",29.09.2018
"https://www.ynet.co.il/articles/0,7340,L-5361648,00.html",01.10.2018
"https://www.ynet.co.il/articles/0,7340,L-5362093,00.html",02.10.2018
"https://www.ynet.co.il/articles/0,7340,L-5361612,00.html",02.10.2018
"https://www.ynet.co.il/articles/0,7340,L-5362517,00.html",02.10.2018
"https://www.ynet.co.il/articles/0,7340,L-5362787,00.html",03.10.2018
"https://www.ynet.co.il/articles/0,7340,L-5363591,00.html",04.10.2018
"https://www.ynet.co.il/articles/0,7340,L-5363961,00.html",04.10.2018
"https://www.ynet.co.il/articles/0,7340,L-5366383,00.html",08.10.2018
"https://www.ynet.co.il/articles/0,7340,L-5369984,00.html",13.10.2018
"https://www.ynet.co.il/articles/0,7340,L-5372825,00.html",17.10.2018
"https://www.ynet.co.il/articles/0,7340,L-5372897,00.html",17.10.2018
"https://www.ynet.co.il/articles/0,7340,L-5372912,00.html",17.10.2018
"https://www.ynet.co.il/articles/0,7340,L-5372955,00.html",17.10.2018
"https://www.ynet.co.il/articles/0,7340,L-5372992,00.html",17.10.2018
"https://www.ynet.co.il/articles/0,7340,L-5373047,00.html",17.10.2018
"https://www.ynet.co.il/articles/0,7340,L-5373060,00.html",17.10.2018
"https://www.ynet.co.il/articles/0,7340,L-5373124,00.html",17.10.2018
"https://www.ynet.co.il/articles/0,7340,L-5373305,00.html",17.10.2018
"https://www.ynet.co.il/articles/0,7340,L-5373361,00.html",17.10.2018
"https://www.ynet.co.il/articles/0,7340,L-5373528,00.html",17.10.2018
"https://www.ynet.co.il/articles/0,7340,L-5373784,00.html",18.10.2018
"https://www.ynet.co.il/articles/0,7340,L-5374188,00.html",18.10.2018
"https://www.ynet.co.il/articles/0,7340,L-5375145,00.html",19.10.2018
"https://www.ynet.co.il/articles/0,7340,L-5376075,00.html",21.10.2018
"https://www.ynet.co.il/articles/0,7340,L-5376966,00.html",22.10.2018
"https://www.ynet.co.il/articles/0,7340,L-5376085,00.html",22.10.2018
"https://www.ynet.co.il/articles/0,7340,L-5380928,00.html",27.10.2018
"https://www.ynet.co.il/articles/0,7340,L-5380984,00.html",27.10.2018
"https://www.ynet.co.il/articles/0,7340,L-5379347,00.html",27.10.2018
"https://www.ynet.co.il/articles/0,7340,L-5381829,00.html",28.10.2018
"https://www.ynet.co.il/articles/0,7340,L-5381985,00.html",28.10.2018
"https://www.ynet.co.il/articles/0,7340,L-5382369,00.html",28.10.2018
"https://www.ynet.co.il/articles/0,7340,L-5388293,00.html",04.11.2018
"https://www.ynet.co.il/articles/0,7340,L-5390289,00.html",06.11.2018
"https://www.ynet.co.il/articles/0,7340,L-5398067,00.html",12.11.2018
"https://www.ynet.co.il/articles/0,7340,L-5398784,00.html",12.11.2018
"https://www.ynet.co.il/articles/0,7340,L-5398930,00.html",12.11.2018
"https://www.ynet.co.il/articles/0,7340,L-5399134,00.html",12.11.2018
"https://www.ynet.co.il/articles/0,7340,L-5398827,00.html",12.11.2018
"https://www.ynet.co.il/articles/0,7340,L-5399047,00.html",13.11.2018
"https://www.ynet.co.il/articles/0,7340,L-5399585,00.html",13.11.2018
"https://www.ynet.co.il/articles/0,7340,L-5399631,00.html",13.11.2018
"https://www.ynet.co.il/articles/0,7340,L-5399749,00.html",13.11.2018
"https://www.ynet.co.il/articles/0,7340,L-5399747,00.html",13.11.2018
"https://www.ynet.co.il/articles/0,7340,L-5399211,00.html",13.11.2018
"https://www.ynet.co.il/articles/0,7340,L-5400010,00.html",13.11.2018
"https://www.ynet.co.il/articles/0,7340,L-5399968,00.html",13.11.2018
"https://www.ynet.co.il/articles/0,7340,L-5400230,00.html",13.11.2018
"https://www.ynet.co.il/articles/0,7340,L-5400506,00.html",13.11.2018
"https://www.ynet.co.il/articles/0,7340,L-5400750,00.html",13.11.2018
"https://www.ynet.co.il/articles/0,7340,L-5400753,00.html",13.11.2018
"https://www.ynet.co.il/articles/0,7340,L-5400825,00.html",14.11.2018
"https://www.ynet.co.il/articles/0,7340,L-5401005,00.html",14.11.2018
"https://www.ynet.co.il/articles/0,7340,L-5401650,00.html",14.11.2018
"https://www.ynet.co.il/articles/0,7340,L-5402104,00.html",14.11.2018
"https://www.ynet.co.il/articles/0,7340,L-5402429,00.html",14.11.2018
"https://www.ynet.co.il/articles/0,7340,L-5403684,00.html",15.11.2018
"https://www.ynet.co.il/articles/0,7340,L-5405125,00.html",16.11.2018
"https://www.ynet.co.il/articles/0,7340,L-5406865,00.html",17.11.2018
"https://www.ynet.co.il/articles/0,7340,L-5411960,00.html",22.11.2018
"https://www.ynet.co.il/articles/0,7340,L-5413927,00.html",26.11.2018
"https://www.ynet.co.il/articles/0,7340,L-5415129,00.html",27.11.2018
"https://www.ynet.co.il/articles/0,7340,L-5416658,00.html",29.11.2018
"https://www.ynet.co.il/articles/0,7340,L-5417265,00.html",30.11.2018
"https://www.ynet.co.il/articles/0,7340,L-5417293,00.html",30.11.2018
"https://www.ynet.co.il/articles/0,7340,L-5419736,00.html",04.12.2018
"https://www.ynet.co.il/articles/0,7340,L-5420486,00.html",05.12.2018
"https://www.ynet.co.il/articles/0,7340,L-5421157,00.html",06.12.2018
"https://www.ynet.co.il/articles/0,7340,L-5420563,00.html",06.12.2018
"https://www.ynet.co.il/articles/0,7340,L-5422195,00.html",09.12.2018
"https://www.ynet.co.il/articles/0,7340,L-5422254,00.html",09.12.2018
"https://www.ynet.co.il/articles/0,7340,L-5422489,00.html",09.12.2018
"https://www.ynet.co.il/articles/0,7340,L-5423766,00.html",11.12.2018
"https://www.ynet.co.il/articles/0,7340,L-5424651,00.html",12.12.2018
"https://www.ynet.co.il/articles/0,7340,L-5425325,00.html",13.12.2018
"https://www.ynet.co.il/articles/0,7340,L-5425414,00.html",13.12.2018
"https://www.ynet.co.il/articles/0,7340,L-5426408,00.html",15.12.2018
"https://www.ynet.co.il/articles/0,7340,L-5426435,00.html",15.12.2018
"https://www.ynet.co.il/articles/0,7340,L-5427144,00.html",16.12.2018
"https://www.ynet.co.il/articles/0,7340,L-5427557,00.html",17.12.2018
"https://www.ynet.co.il/articles/0,7340,L-5429051,00.html",19.12.2018
"https://www.ynet.co.il/articles/0,7340,L-5433722,00.html",26.12.2018
"https://www.ynet.co.il/articles/0,7340,L-5433868,00.html",26.12.2018
"https://www.ynet.co.il/articles/0,7340,L-5435126,00.html",29.12.2018
"https://www.ynet.co.il/articles/0,7340,L-5437724,00.html",31.12.2018
"https://www.ynet.co.il/articles/0,7340,L-5442278,00.html",07.01.2019
"https://www.ynet.co.il/articles/0,7340,L-5443221,00.html",08.01.2019
"https://www.ynet.co.il/articles/0,7340,L-5445514,00.html",12.01.2019
"https://www.ynet.co.il/articles/0,7340,L-5446534,00.html",14.01.2019
"https://www.ynet.co.il/articles/0,7340,L-5446827,00.html",14.01.2019
"https://www.ynet.co.il/articles/0,7340,L-5447112,00.html",15.01.2019
"https://www.ynet.co.il/articles/0,7340,L-5447716,00.html",16.01.2019
"https://www.ynet.co.il/articles/0,7340,L-5449898,00.html",20.01.2019
"https://www.ynet.co.il/articles/0,7340,L-5450242,00.html",21.01.2019
"https://www.ynet.co.il/articles/0,7340,L-5450240,00.html",21.01.2019
"https://www.ynet.co.il/articles/0,7340,L-5450281,00.html",21.01.2019
"https://www.ynet.co.il/articles/0,7340,L-5450648,00.html",22.01.2019
"https://www.ynet.co.il/articles/0,7340,L-5451041,00.html",22.01.2019
"https://www.ynet.co.il/articles/0,7340,L-5451122,00.html",22.01.2019
"https://www.ynet.co.il/articles/0,7340,L-5451244,00.html",22.01.2019
"https://www.ynet.co.il/articles/0,7340,L-5451629,00.html",23.01.2019
"https://www.ynet.co.il/articles/0,7340,L-5452126,00.html",24.01.2019
"https://www.ynet.co.il/articles/0,7340,L-5453121,00.html",26.01.2019
"https://www.ynet.co.il/articles/0,7340,L-5454488,00.html",29.01.2019
"https://www.ynet.co.il/articles/0,7340,L-5456008,00.html",31.01.2019
"https://www.ynet.co.il/articles/0,7340,L-5456401,00.html",02.02.2019
"https://www.ynet.co.il/articles/0,7340,L-5457869,00.html",04.02.2019
"https://www.ynet.co.il/articles/0,7340,L-5459530,00.html",07.02.2019
"https://www.ynet.co.il/articles/0,7340,L-5461109,00.html",10.02.2019
"https://www.ynet.co.il/articles/0,7340,L-5461762,00.html",11.02.2019
"https://www.ynet.co.il/articles/0,7340,L-5462228,00.html",12.02.2019
"https://www.ynet.co.il/articles/0,7340,L-5467752,00.html",22.02.2019
"https://www.ynet.co.il/articles/0,7340,L-5467950,00.html",24.02.2019
"https://www.ynet.co.il/articles/0,7340,L-5469392,00.html",24.02.2019
"https://www.ynet.co.il/articles/0,7340,L-5473306,00.html",04.03.2019
"https://www.ynet.co.il/articles/0,7340,L-5474329,00.html",06.03.2019
"https://www.ynet.co.il/articles/0,7340,L-5474674,00.html",06.03.2019
"https://www.ynet.co.il/articles/0,7340,L-5474910,00.html",07.03.2019
"https://www.ynet.co.il/articles/0,7340,L-5475802,00.html",09.03.2019
"https://www.ynet.co.il/articles/0,7340,L-5475901,00.html",09.03.2019
"https://www.ynet.co.il/articles/0,7340,L-5473445,00.html",09.03.2019
"https://www.ynet.co.il/articles/0,7340,L-5475985,00.html",09.03.2019
"https://www.ynet.co.il/articles/0,7340,L-5475929,00.html",09.03.2019
"https://www.ynet.co.il/articles/0,7340,L-5476108,00.html",10.03.2019
"https://www.ynet.co.il/articles/0,7340,L-5478203,00.html",13.03.2019
"https://www.ynet.co.il/articles/0,7340,L-5478923,00.html",14.03.2019
"https://www.ynet.co.il/articles/0,7340,L-5479089,00.html",15.03.2019
"https://www.ynet.co.il/articles/0,7340,L-5479124,00.html",15.03.2019
"https://www.ynet.co.il/articles/0,7340,L-5479220,00.html",15.03.2019
"https://www.ynet.co.il/articles/0,7340,L-5479295,00.html",15.03.2019
"https://www.ynet.co.il/articles/0,7340,L-5479616,00.html",17.03.2019
"https://www.ynet.co.il/articles/0,7340,L-5483789,00.html",25.03.2019
"https://www.ynet.co.il/articles/0,7340,L-5483810,00.html",25.03.2019
"https://www.ynet.co.il/articles/0,7340,L-5483828,00.html",25.03.2019
"https://www.ynet.co.il/articles/0,7340,L-5483861,00.html",25.03.2019
"https://www.ynet.co.il/articles/0,7340,L-5483910,00.html",25.03.2019
"https://www.ynet.co.il/articles/0,7340,L-5483937,00.html",25.03.2019
"https://www.ynet.co.il/articles/0,7340,L-5483981,00.html",25.03.2019
"https://www.ynet.co.il/articles/0,7340,L-5483960,00.html",25.03.2019
"https://www.ynet.co.il/articles/0,7340,L-5484032,00.html",25.03.2019
"https://www.ynet.co.il/articles/0,7340,L-5484148,00.html",25.03.2019
"https://www.ynet.co.il/articles/0,7340,L-5484301,00.html",25.03.2019
"https://www.ynet.co.il/articles/0,7340,L-5484345,00.html",25.03.2019
"https://www.ynet.co.il/articles/0,7340,L-5484483,00.html",26.03.2019
"https://www.ynet.co.il/articles/0,7340,L-5484520,00.html",26.03.2019
"https://www.ynet.co.il/articles/0,7340,L-5484559,00.html",26.03.2019
"https://www.ynet.co.il/articles/0,7340,L-5484836,00.html",26.03.2019
"https://www.ynet.co.il/articles/0,7340,L-5484905,00.html",26.03.2019
"https://www.ynet.co.il/articles/0,7340,L-5484963,00.html",26.03.2019
"https://www.ynet.co.il/articles/0,7340,L-5485147,00.html",27.03.2019
"https://www.ynet.co.il/articles/0,7340,L-5485513,00.html",27.03.2019
"https://www.ynet.co.il/articles/0,7340,L-5485901,00.html",28.03.2019
"https://www.ynet.co.il/articles/0,7340,L-5486214,00.html",29.03.2019
"https://www.ynet.co.il/articles/0,7340,L-5486297,00.html",29.03.2019
"https://www.ynet.co.il/articles/0,7340,L-5486642,00.html",30.03.2019
"https://www.ynet.co.il/articles/0,7340,L-5486813,00.html",31.03.2019
"https://www.ynet.co.il/articles/0,7340,L-5487184,00.html",31.03.2019
"https://www.ynet.co.il/articles/0,7340,L-5487276,00.html",31.03.2019
"https://www.ynet.co.il/articles/0,7340,L-5487690,00.html",01.04.2019
"https://www.ynet.co.il/articles/0,7340,L-5473413,00.html",02.04.2019
"https://www.ynet.co.il/articles/0,7340,L-5490655,00.html",07.04.2019
"https://www.ynet.co.il/articles/0,7340,L-5493645,00.html",13.04.2019
"https://www.ynet.co.il/articles/0,7340,L-5494352,00.html",14.04.2019
"https://www.ynet.co.il/articles/0,7340,L-5494521,00.html",15.04.2019
"https://www.ynet.co.il/articles/0,7340,L-5496062,00.html",17.04.2019
"https://www.ynet.co.il/articles/0,7340,L-5497141,00.html",20.04.2019
"https://www.ynet.co.il/articles/0,7340,L-5499837,00.html",26.04.2019
"https://www.ynet.co.il/articles/0,7340,L-5501478,00.html",30.04.2019
"https://www.ynet.co.il/articles/0,7340,L-5501572,00.html",30.04.2019
"https://www.ynet.co.il/articles/0,7340,L-5502448,00.html",02.05.2019
"https://www.ynet.co.il/articles/0,7340,L-5502578,00.html",02.05.2019
"https://www.ynet.co.il/articles/0,7340,L-5503392,00.html",04.05.2019
"https://www.ynet.co.il/articles/0,7340,L-5503406,00.html",04.05.2019
"https://www.ynet.co.il/articles/0,7340,L-5503389,00.html",04.05.2019
"https://www.ynet.co.il/articles/0,7340,L-5503491,00.html",04.05.2019
"https://www.ynet.co.il/articles/0,7340,L-5503518,00.html",04.05.2019
"https://www.ynet.co.il/articles/0,7340,L-5503541,00.html",04.05.2019
"https://www.ynet.co.il/articles/0,7340,L-5503579,00.html",04.05.2019
"https://www.ynet.co.il/articles/0,7340,L-5503550,00.html",04.05.2019
"https://www.ynet.co.il/articles/0,7340,L-5503618,00.html",04.05.2019
"https://www.ynet.co.il/articles/0,7340,L-5503651,00.html",04.05.2019
"https://www.ynet.co.il/articles/0,7340,L-5503742,00.html",04.05.2019
"https://www.ynet.co.il/articles/0,7340,L-5503766,00.html",04.05.2019
"https://www.ynet.co.il/articles/0,7340,L-5503759,00.html",04.05.2019
"https://www.ynet.co.il/articles/0,7340,L-5503746,00.html",04.05.2019
"https://www.ynet.co.il/articles/0,7340,L-5504034,00.html",05.05.2019
"https://www.ynet.co.il/articles/0,7340,L-5504076,00.html",05.05.2019
"https://www.ynet.co.il/articles/0,7340,L-5504153,00.html",05.05.2019
"https://www.ynet.co.il/articles/0,7340,L-5504293,00.html",05.05.2019
"https://www.ynet.co.il/articles/0,7340,L-5504281,00.html",05.05.2019
"https://www.ynet.co.il/articles/0,7340,L-5504405,00.html",05.05.2019
"https://www.ynet.co.il/articles/0,7340,L-5504200,00.html",05.05.2019
"https://www.ynet.co.il/articles/0,7340,L-5504161,00.html",05.05.2019
"https://www.ynet.co.il/articles/0,7340,L-5504579,00.html",05.05.2019
"https://www.ynet.co.il/articles/0,7340,L-5504481,00.html",05.05.2019
"https://www.ynet.co.il/articles/0,7340,L-5504478,00.html",06.05.2019
"https://www.ynet.co.il/articles/0,7340,L-5506143,00.html",08.05.2019
"https://www.ynet.co.il/articles/0,7340,L-5506474,00.html",08.05.2019
"https://www.ynet.co.il/articles/0,7340,L-5506480,00.html",08.05.2019
"https://www.ynet.co.il/articles/0,7340,L-5506749,00.html",09.05.2019
"https://www.ynet.co.il/articles/0,7340,L-5507229,00.html",11.05.2019
"https://www.ynet.co.il/articles/0,7340,L-5508223,00.html",14.05.2019
"https://www.ynet.co.il/articles/0,7340,L-5510098,00.html",16.05.2019
"https://www.ynet.co.il/articles/0,7340,L-5517925,00.html",30.05.2019
"https://www.ynet.co.il/articles/0,7340,L-5518366,00.html",31.05.2019
"https://www.ynet.co.il/articles/0,7340,L-5518926,00.html",02.06.2019
"https://www.ynet.co.il/articles/0,7340,L-5518921,00.html",02.06.2019
"https://www.ynet.co.il/articles/0,7340,L-5519011,00.html",02.06.2019
"https://www.ynet.co.il/articles/0,7340,L-5519305,00.html",03.06.2019
"https://www.ynet.co.il/articles/0,7340,L-5521476,00.html",06.06.2019
"https://www.ynet.co.il/articles/0,7340,L-5521703,00.html",07.06.2019
"https://www.ynet.co.il/articles/0,7340,L-5521191,00.html",07.06.2019
"https://www.ynet.co.il/articles/0,7340,L-5523429,00.html",11.06.2019
"https://www.ynet.co.il/articles/0,7340,L-5523867,00.html",12.06.2019
"https://www.ynet.co.il/articles/0,7340,L-5524009,00.html",12.06.2019
"https://www.ynet.co.il/articles/0,7340,L-5524288,00.html",13.06.2019
"https://www.ynet.co.il/articles/0,7340,L-5524670,00.html",13.06.2019
"https://www.ynet.co.il/articles/0,7340,L-5524944,00.html",13.06.2019
"https://www.ynet.co.il/articles/0,7340,L-5524988,00.html",13.06.2019
"https://www.ynet.co.il/articles/0,7340,L-5525014,00.html",13.06.2019
"https://www.ynet.co.il/articles/0,7340,L-5525168,00.html",14.06.2019
"https://www.ynet.co.il/articles/0,7340,L-5525181,00.html",14.06.2019
"https://www.ynet.co.il/articles/0,7340,L-5526933,00.html",18.06.2019
"https://www.ynet.co.il/articles/0,7340,L-5527105,00.html",18.06.2019
"https://www.ynet.co.il/articles/0,7340,L-5538013,00.html",27.06.2019
"https://www.ynet.co.il/articles/0,7340,L-5539395,00.html",30.06.2019
"https://www.ynet.co.il/articles/0,7340,L-5540066,00.html",30.06.2019
"https://www.ynet.co.il/articles/0,7340,L-5540505,00.html",01.07.2019
"https://www.ynet.co.il/articles/0,7340,L-5540644,00.html",01.07.2019
"https://www.ynet.co.il/articles/0,7340,L-5541016,00.html",01.07.2019
"https://www.ynet.co.il/articles/0,7340,L-5545016,00.html",07.07.2019
"https://www.ynet.co.il/articles/0,7340,L-5545242,00.html",07.07.2019
"https://www.ynet.co.il/articles/0,7340,L-5548005,00.html",11.07.2019
"https://www.ynet.co.il/articles/0,7340,L-5550870,00.html",16.07.2019
"https://www.ynet.co.il/articles/0,7340,L-5555161,00.html",22.07.2019
"https://www.ynet.co.il/articles/0,7340,L-5556809,00.html",24.07.2019
"https://www.ynet.co.il/articles/0,7340,L-5558662,00.html",28.07.2019
"https://www.ynet.co.il/articles/0,7340,L-5560792,00.html",30.07.2019
"https://www.ynet.co.il/articles/0,7340,L-5561724,00.html",01.08.2019
"https://www.ynet.co.il/articles/0,7340,L-5561896,00.html",01.08.2019
"https://www.ynet.co.il/articles/0,7340,L-5563413,00.html",04.08.2019
"https://www.ynet.co.il/articles/0,7340,L-5566684,00.html",10.08.2019
"https://www.ynet.co.il/articles/0,7340,L-5570019,00.html",15.08.2019
"https://www.ynet.co.il/articles/0,7340,L-5570075,00.html",16.08.2019
"https://www.ynet.co.il/articles/0,7340,L-5570392,00.html",17.08.2019
"https://www.ynet.co.il/articles/0,7340,L-5570529,00.html",17.08.2019
"https://www.ynet.co.il/articles/0,7340,L-5570694,00.html",17.08.2019
"https://www.ynet.co.il/articles/0,7340,L-5570992,00.html",18.08.2019
"https://www.ynet.co.il/articles/0,7340,L-5570928,00.html",18.08.2019
"https://www.ynet.co.il/articles/0,7340,L-5573130,00.html",21.08.2019
"https://www.ynet.co.il/articles/0,7340,L-5573346,00.html",22.08.2019
"https://www.ynet.co.il/articles/0,7340,L-5573659,00.html",22.08.2019
"https://www.ynet.co.il/articles/0,7340,L-5573987,00.html",23.08.2019
"https://www.ynet.co.il/articles/0,7340,L-5575125,00.html",25.08.2019
"https://www.ynet.co.il/articles/0,7340,L-5575182,00.html",25.08.2019
"https://www.ynet.co.il/articles/0,7340,L-5575373,00.html",25.08.2019
"https://www.ynet.co.il/articles/0,7340,L-5574249,00.html",25.08.2019
"https://www.ynet.co.il/articles/0,7340,L-5575124,00.html",25.08.2019
"https://www.ynet.co.il/articles/0,7340,L-5575592,00.html",26.08.2019
"https://www.ynet.co.il/articles/0,7340,L-5575624,00.html",26.08.2019
"https://www.ynet.co.il/articles/0,7340,L-5575785,00.html",26.08.2019
"https://www.ynet.co.il/articles/0,7340,L-5575830,00.html",26.08.2019
"https://www.ynet.co.il/articles/0,7340,L-5576524,00.html",27.08.2019
"https://www.ynet.co.il/articles/0,7340,L-5576705,00.html",27.08.2019
"https://www.ynet.co.il/articles/0,7340,L-5577022,00.html",28.08.2019
"https://www.ynet.co.il/articles/0,7340,L-5577371,00.html",28.08.2019
"https://www.ynet.co.il/articles/0,7340,L-5578257,00.html",30.08.2019
"https://www.ynet.co.il/articles/0,7340,L-5578787,00.html",31.08.2019
"https://www.ynet.co.il/articles/0,7340,L-5579136,00.html",01.09.2019
"https://www.ynet.co.il/articles/0,7340,L-5579464,00.html",01.09.2019
"https://www.ynet.co.il/articles/0,7340,L-5579576,00.html",01.09.2019
"https://www.ynet.co.il/articles/0,7340,L-5579969,00.html",02.09.2019
"https://www.ynet.co.il/articles/0,7340,L-5580161,00.html",02.09.2019
"https://www.ynet.co.il/articles/0,7340,L-5580618,00.html",03.09.2019
"https://www.ynet.co.il/articles/0,7340,L-5580633,00.html",03.09.2019
"https://www.ynet.co.il/articles/0,7340,L-5581046,00.html",03.09.2019
"https://www.ynet.co.il/articles/0,7340,L-5582130,00.html",05.09.2019
"https://www.ynet.co.il/articles/0,7340,L-5583406,00.html",07.09.2019
"https://www.ynet.co.il/articles/0,7340,L-5583452,00.html",07.09.2019
"https://www.ynet.co.il/articles/0,7340,L-5583565,00.html",07.09.2019
"https://www.ynet.co.il/articles/0,7340,L-5583684,00.html",07.09.2019
"https://www.ynet.co.il/articles/0,7340,L-5584462,00.html",08.09.2019
"https://www.ynet.co.il/articles/0,7340,L-5585346,00.html",10.09.2019
"https://www.ynet.co.il/articles/0,7340,L-5586068,00.html",10.09.2019
"https://www.ynet.co.il/articles/0,7340,L-5586084,00.html",10.09.2019
"https://www.ynet.co.il/articles/0,7340,L-5586230,00.html",11.09.2019
"https://www.ynet.co.il/articles/0,7340,L-5586148,00.html",11.09.2019
"https://www.ynet.co.il/articles/0,7340,L-5586412,00.html",11.09.2019
"https://www.ynet.co.il/articles/0,7340,L-5586567,00.html",11.09.2019
"https://www.ynet.co.il/articles/0,7340,L-5586631,00.html",11.09.2019
"https://www.ynet.co.il/articles/0,7340,L-5587929,00.html",13.09.2019
"https://www.ynet.co.il/articles/0,7340,L-5591939,00.html",18.09.2019
"https://www.ynet.co.il/articles/0,7340,L-5592731,00.html",19.09.2019
"https://www.ynet.co.il/articles/0,7340,L-5594373,00.html",22.09.2019
"https://www.ynet.co.il/articles/0,7340,L-5604187,00.html",07.10.2019
"https://www.ynet.co.il/articles/0,7340,L-5608267,00.html",16.10.2019
"https://www.ynet.co.il/articles/0,7340,L-5613995,00.html",27.10.2019
"https://www.ynet.co.il/articles/0,7340,L-5616769,00.html",31.10.2019
"https://www.ynet.co.il/articles/0,7340,L-5616929,00.html",31.10.2019
"https://www.ynet.co.il/articles/0,7340,L-5617039,00.html",31.10.2019
"https://www.ynet.co.il/articles/0,7340,L-5617174,00.html",31.10.2019
"https://www.ynet.co.il/articles/0,7340,L-5617664,00.html",02.11.2019
"https://www.ynet.co.il/articles/0,7340,L-5617734,00.html",02.11.2019
"https://www.ynet.co.il/articles/0,7340,L-5617768,00.html",02.11.2019
"https://www.ynet.co.il/articles/0,7340,L-5617880,00.html",02.11.2019
"https://www.ynet.co.il/articles/0,7340,L-5618569,00.html",03.11.2019
"https://www.ynet.co.il/articles/0,7340,L-5618999,00.html",04.11.2019
"https://www.ynet.co.il/articles/0,7340,L-5619409,00.html",05.11.2019
"https://www.ynet.co.il/articles/0,7340,L-5619390,00.html",05.11.2019
"https://www.ynet.co.il/articles/0,7340,L-5620003,00.html",06.11.2019
"https://www.ynet.co.il/articles/0,7340,L-5622536,00.html",10.11.2019
"https://www.ynet.co.il/articles/0,7340,L-5619066,00.html",12.11.2019
"https://www.ynet.co.il/articles/0,7340,L-5623553,00.html",12.11.2019
"https://www.ynet.co.il/articles/0,7340,L-5623587,00.html",12.11.2019
"https://www.ynet.co.il/articles/0,7340,L-5623584,00.html",12.11.2019
"https://www.ynet.co.il/articles/0,7340,L-5623759,00.html",12.11.2019
"https://www.ynet.co.il/articles/0,7340,L-5623797,00.html",12.11.2019
"https://www.ynet.co.il/articles/0,7340,L-5623801,00.html",12.11.2019
"https://www.ynet.co.il/articles/0,7340,L-5623789,00.html",12.11.2019
"https://www.ynet.co.il/articles/0,7340,L-5623851,00.html",12.11.2019
"https://www.ynet.co.il/articles/0,7340,L-5624005,00.html",12.11.2019
"https://www.ynet.co.il/articles/0,7340,L-5624122,00.html",12.11.2019
"https://www.ynet.co.il/articles/0,7340,L-5624536,00.html",13.11.2019
"https://www.ynet.co.il/articles/0,7340,L-5624884,00.html",13.11.2019
"https://www.ynet.co.il/articles/0,7340,L-5624926,00.html",13.11.2019
"https://www.ynet.co.il/articles/0,7340,L-5624947,00.html",13.11.2019
"https://www.ynet.co.il/articles/0,7340,L-5624996,00.html",13.11.2019
"https://www.ynet.co.il/articles/0,7340,L-5624886,00.html",13.11.2019
"https://www.ynet.co.il/articles/0,7340,L-5625019,00.html",13.11.2019
"https://www.ynet.co.il/articles/0,7340,L-5625081,00.html",13.11.2019
"https://www.ynet.co.il/articles/0,7340,L-5625140,00.html",13.11.2019
"https://www.ynet.co.il/articles/0,7340,L-5625126,00.html",14.11.2019
"https://www.ynet.co.il/articles/0,7340,L-5625379,00.html",14.11.2019
"https://www.ynet.co.il/articles/0,7340,L-5624849,00.html",14.11.2019
"https://www.ynet.co.il/articles/0,7340,L-5625469,00.html",14.11.2019
"https://www.ynet.co.il/articles/0,7340,L-5625711,00.html",14.11.2019
"https://www.ynet.co.il/articles/0,7340,L-5625765,00.html",14.11.2019
"https://www.ynet.co.il/articles/0,7340,L-5626119,00.html",15.11.2019
"https://www.ynet.co.il/articles/0,7340,L-5626289,00.html",16.11.2019
"https://www.ynet.co.il/articles/0,7340,L-5626425,00.html",16.11.2019
"https://www.ynet.co.il/articles/0,7340,L-5626436,00.html",16.11.2019
"https://www.ynet.co.il/articles/0,7340,L-5626849,00.html",17.11.2019
"https://www.ynet.co.il/articles/0,7340,L-5627536,00.html",18.11.2019
"https://www.ynet.co.il/articles/0,7340,L-5627673,00.html",18.11.2019
"https://www.ynet.co.il/articles/0,7340,L-5628108,00.html",19.11.2019
"https://www.ynet.co.il/articles/0,7340,L-5628177,00.html",19.11.2019
"https://www.ynet.co.il/articles/0,7340,L-5627546,00.html",19.11.2019
"https://www.ynet.co.il/articles/0,7340,L-5628274,00.html",19.11.2019
"https://www.ynet.co.il/articles/0,7340,L-5629250,00.html",20.11.2019
"https://www.ynet.co.il/articles/0,7340,L-5629385,00.html",21.11.2019
"https://www.ynet.co.il/articles/0,7340,L-5629460,00.html",21.11.2019
"https://www.ynet.co.il/articles/0,7340,L-5631620,00.html",25.11.2019
"https://www.ynet.co.il/articles/0,7340,L-5632548,00.html",27.11.2019
"https://www.ynet.co.il/articles/0,7340,L-5632678,00.html",27.11.2019
"https://www.ynet.co.il/articles/0,7340,L-5634190,00.html",29.11.2019
"https://www.ynet.co.il/articles/0,7340,L-5638095,00.html",06.12.2019
"https://www.ynet.co.il/articles/0,7340,L-5638640,00.html",07.12.2019
"https://www.ynet.co.il/articles/0,7340,L-5638924,00.html",08.12.2019
"https://www.ynet.co.il/articles/0,7340,L-5639035,00.html",08.12.2019
"https://www.ynet.co.il/articles/0,7340,L-5639812,00.html",10.12.2019
"https://www.ynet.co.il/articles/0,7340,L-5640616,00.html",10.12.2019
"https://www.ynet.co.il/articles/0,7340,L-5644254,00.html",17.12.2019
"https://www.ynet.co.il/articles/0,7340,L-5644703,00.html",18.12.2019
"https://www.ynet.co.il/articles/0,7340,L-5645652,00.html",19.12.2019
"https://www.ynet.co.il/articles/0,7340,L-5645491,00.html",20.12.2019
"https://www.ynet.co.il/articles/0,7340,L-5649546,00.html",26.12.2019
"https://www.ynet.co.il/articles/0,7340,L-5650644,00.html",29.12.2019
"https://www.ynet.co.il/articles/0,7340,L-5651228,00.html",30.12.2019
"https://www.ynet.co.il/articles/0,7340,L-5653365,00.html",03.01.2020
"https://www.ynet.co.il/articles/0,7340,L-5654325,00.html",06.01.2020
"https://www.ynet.co.il/articles/0,7340,L-5656411,00.html",08.01.2020
"https://www.ynet.co.il/articles/0,7340,L-5656889,00.html",09.01.2020
"https://www.ynet.co.il/articles/0,7340,L-5654663,00.html",12.01.2020
"https://www.ynet.co.il/articles/0,7340,L-5658365,00.html",12.01.2020
"https://www.ynet.co.il/articles/0,7340,L-5658870,00.html",13.01.2020
"https://www.ynet.co.il/articles/0,7340,L-5660537,00.html",15.01.2020
"https://www.ynet.co.il/articles/0,7340,L-5660590,00.html",15.01.2020
"https://www.ynet.co.il/articles/0,7340,L-5660992,00.html",16.01.2020
"https://www.ynet.co.il/articles/0,7340,L-5661268,00.html",16.01.2020
"https://www.ynet.co.il/articles/0,7340,L-5661685,00.html",17.01.2020
"https://www.ynet.co.il/articles/0,7340,L-5665314,00.html",23.01.2020
"https://www.ynet.co.il/articles/0,7340,L-5666635,00.html",26.01.2020
"https://www.ynet.co.il/articles/0,7340,L-5666988,00.html",27.01.2020
"https://www.ynet.co.il/articles/0,7340,L-5667215,00.html",27.01.2020
"https://www.ynet.co.il/articles/0,7340,L-5667378,00.html",27.01.2020
"https://www.ynet.co.il/articles/0,7340,L-5668785,00.html",29.01.2020
"https://www.ynet.co.il/articles/0,7340,L-5668831,00.html",29.01.2020
"https://www.ynet.co.il/articles/0,7340,L-5669207,00.html",30.01.2020
"https://www.ynet.co.il/articles/0,7340,L-5669624,00.html",31.01.2020
"https://www.ynet.co.il/articles/0,7340,L-5669284,00.html",01.02.2020
"https://www.ynet.co.il/articles/0,7340,L-5670266,00.html",01.02.2020
"https://www.ynet.co.il/articles/0,7340,L-5672763,00.html",05.02.2020
"https://www.ynet.co.il/articles/0,7340,L-5672893,00.html",06.02.2020
"https://www.ynet.co.il/articles/0,7340,L-5673076,00.html",06.02.2020
"https://www.ynet.co.il/articles/0,7340,L-5673274,00.html",06.02.2020
"https://www.ynet.co.il/articles/0,7340,L-5673480,00.html",06.02.2020
"https://www.ynet.co.il/articles/0,7340,L-5673664,00.html",07.02.2020
"https://www.ynet.co.il/articles/0,7340,L-5673745,00.html",07.02.2020
"https://www.ynet.co.il/articles/0,7340,L-5674596,00.html",09.02.2020
"https://www.ynet.co.il/articles/0,7340,L-5674870,00.html",09.02.2020
"https://www.ynet.co.il/articles/0,7340,L-5675012,00.html",10.02.2020
"https://www.ynet.co.il/articles/0,7340,L-5675996,00.html",11.02.2020
"https://www.ynet.co.il/articles/0,7340,L-5676351,00.html",11.02.2020
"https://www.ynet.co.il/articles/0,7340,L-5677557,00.html",13.02.2020
"https://www.ynet.co.il/articles/0,7340,L-5677619,00.html",13.02.2020
"https://www.ynet.co.il/articles/0,7340,L-5677797,00.html",14.02.2020
"https://www.ynet.co.il/articles/0,7340,L-5678355,00.html",15.02.2020
"https://www.ynet.co.il/articles/0,7340,L-5678835,00.html",16.02.2020
"https://www.ynet.co.il/articles/0,7340,L-5679580,00.html",17.02.2020
"https://www.ynet.co.il/articles/0,7340,L-5683191,00.html",23.02.2020
"https://www.ynet.co.il/articles/0,7340,L-5683216,00.html",24.02.2020
"https://www.ynet.co.il/articles/0,7340,L-5683449,00.html",24.02.2020
"https://www.ynet.co.il/articles/0,7340,L-5683655,00.html",24.02.2020
"https://www.ynet.co.il/articles/0,7340,L-5683705,00.html",24.02.2020
"https://www.ynet.co.il/articles/0,7340,L-5683780,00.html",24.02.2020
"https://www.ynet.co.il/articles/0,7340,L-5683866,00.html",24.02.2020
"https://www.ynet.co.il/articles/0,7340,L-5683792,00.html",24.02.2020
"https://www.ynet.co.il/articles/0,7340,L-5683816,00.html",24.02.2020
"https://www.ynet.co.il/articles/0,7340,L-5684164,00.html",25.02.2020
"https://www.ynet.co.il/articles/0,7340,L-5684219,00.html",25.02.2020
"https://www.ynet.co.il/articles/0,7340,L-5684232,00.html",25.02.2020
"https://www.ynet.co.il/articles/0,7340,L-5684640,00.html",25.02.2020
"https://www.ynet.co.il/articles/0,7340,L-5685131,00.html",26.02.2020
"https://www.ynet.co.il/articles/0,7340,L-5685636,00.html",27.02.2020
"https://www.ynet.co.il/articles/0,7340,L-5687153,00.html",01.03.2020
"https://www.ynet.co.il/articles/0,7340,L-5691331,00.html",09.03.2020
"https://www.ynet.co.il/articles/0,7340,L-5691437,00.html",09.03.2020
"https://www.ynet.co.il/articles/0,7340,L-5693749,00.html",12.03.2020
"https://www.ynet.co.il/articles/0,7340,L-5693784,00.html",12.03.2020
"https://www.ynet.co.il/articles/0,7340,L-5696190,00.html",16.03.2020
"https://www.ynet.co.il/articles/0,7340,L-5704095,00.html",31.03.2020
"https://www.ynet.co.il/articles/0,7340,L-5705005,00.html",31.03.2020
"https://www.ynet.co.il/articles/0,7340,L-5714989,00.html",15.04.2020
"https://www.ynet.co.il/articles/0,7340,L-5719087,00.html",22.04.2020
"https://www.ynet.co.il/articles/0,7340,L-5723247,00.html",01.05.2020
"https://www.ynet.co.il/articles/0,7340,L-5723096,00.html",01.05.2020
"https://www.ynet.co.il/articles/0,7340,L-5725948,00.html",06.05.2020
"https://www.ynet.co.il/articles/0,7340,L-5727133,00.html",07.05.2020
"https://www.ynet.co.il/articles/0,7340,L-5730319,00.html",13.05.2020
"https://www.ynet.co.il/articles/0,7340,L-5733517,00.html",19.05.2020
"https://www.ynet.co.il/articles/0,7340,L-5737554,00.html",26.05.2020
"https://www.ynet.co.il/articles/0,7340,L-5739701,00.html",31.05.2020
"https://www.ynet.co.il/articles/0,7340,L-5740009,00.html",31.05.2020
"https://www.ynet.co.il/articles/0,7340,L-5740510,00.html",01.06.2020
"https://www.ynet.co.il/articles/0,7340,L-5741003,00.html",02.06.2020
"https://www.ynet.co.il/articles/0,7340,L-5748600,00.html",15.06.2020
"https://www.ynet.co.il/articles/0,7340,L-5753377,00.html",24.06.2020
"https://www.ynet.co.il/articles/0,7340,L-5754871,00.html",26.06.2020
"https://www.ynet.co.il/articles/0,7340,L-5754688,00.html",27.06.2020
"https://www.ynet.co.il/articles/0,7340,L-5755345,00.html",28.06.2020
"https://www.ynet.co.il/articles/0,7340,L-5756616,00.html",29.06.2020
"https://www.ynet.co.il/articles/0,7340,L-5757352,00.html",01.07.2020
"https://www.ynet.co.il/articles/0,7340,L-5759956,00.html",06.07.2020
https://www.ynet.co.il/news/article/HykkXhEUD,לאתר20
https://www.ynet.co.il/news/article/BJKLKKGWu,מ-2020
https://www.ynet.co.il/news/article/SJp8Q0GdO,אישרה20
https://www.ynet.co.il/news/article/BkbgIzKOO,שמו20
https://www.ynet.co.il/news/article/SJPq11N500d,נערים20
https://www.ynet.co.il/news/article/BkhZrusOu,שעות20
https://www.ynet.co.il/news/article/r1qZxfRd00,-20
https://www.ynet.co.il/news/article/r1hP6y45u,השבוע20
https://www.ynet.co.il/news/article/s1xa0nplf,שפורסם20
https://www.ynet.co.il/news/article/syh00u7kly,שפורסם20
https://www.ynet.co.il/news/article/hjnwmvddt,יירוט20
