https://www.mako.co.il/news-military/2021_q4/Article-d0f0c29fb8a0e71027.htm?partner=lobby,30.12.21
https://www.mako.co.il/news-military/2021_q4/Article-90b5a66c61a0e71026.htm?partner=lobby,30.12.21
https://www.mako.co.il/news-military/2021_q4/Article-6e61bc015870e71027.htm?partner=lobby,29.12.21
https://www.mako.co.il/news-military/2021_q4/Article-9390c6218cefd71026.htm,28.12.21
https://www.mako.co.il/news-military/2021_q4/Article-9672f124ac5fd71026.htm,26.12.21
https://www.mako.co.il/news-military/2021_q4/Article-71e5da090e0fd71027.htm?partner=lobby,25.12.21
https://www.mako.co.il/news-military/2021_q4/Article-172251c114aed71027.htm?partner=lobby,24.12.21
https://www.mako.co.il/news-military/2021_q4/Article-fedadc0c0ecdd71026.htm,21.12.21
https://www.mako.co.il/news-military/2021_q4/Article-ca1f1091930cd71027.htm,16.12.21
https://www.mako.co.il/news-military/2021_q4/Article-342d9b1b554bd71026.htm,13.12.21
https://www.mako.co.il/news-military/2021_q4/Article-44cd264fe41bd71026.htm,13.12.21
https://www.mako.co.il/news-military/2021_q4/Article-d69e58aa509ad71027.htm?partner=lobby,11.12.21
https://www.mako.co.il/news-military/2021_q4/Article-13fadc717d5ad71027.htm,10.12.21
https://www.mako.co.il/news-military/2021_q4/Article-2d7d8eb4e589d71026.htm,08.12.21
https://www.mako.co.il/news-military/2021_q4/Article-6b609c5dc029d71027.htm?partner=lobby,07.12.21
https://www.mako.co.il/news-military/2021_q4/Article-2dcc0dc2b5e8d71026.htm,06.12.21
https://www.mako.co.il/news-military/2021_q4/Article-dfe3b79c74c8d71026.htm,05.12.21
https://www.mako.co.il/news-military/2021_q4/Article-6284ca6420f4d71026.htm,24.11.21
https://www.mako.co.il/news-military/2021_q4/Article-3b3f16159f34d71027.htm,21.11.21
https://www.mako.co.il/news-military/2021_q4/Article-81683602eab2d71026.htm,17.11.21
https://www.mako.co.il/news-military/2021_q4/Article-453788fc8e72d71026.htm?partner=lobby,16.11.21
https://www.mako.co.il/news-military/2021_q4/Article-c9847c335c70d71027.htm,10.11.21
https://www.mako.co.il/news-military/2021_q4/Article-320e30aa6900d71026.htm?partner=lobby,08.11.21
https://www.mako.co.il/news-military/2021_q4/Article-697933ac12ffc71027.htm?partner=lobby,08.11.21
https://www.mako.co.il/news-military/2021_q4/Article-b3d354e57befc71027.htm?partner=lobby,08.11.21
https://www.mako.co.il/news-military/2021_q4/Article-49520eb8c67ec71026.htm,03.11.21
https://www.mako.co.il/news-military/2021_q4/Article-c00880e4b83ec71027.htm,03.11.21
https://www.mako.co.il/news-military/2021_q4/Article-7f699e525a0dc71026.htm,30.10.21
https://www.mako.co.il/news-military/2021_q4/Article-96921ab60eccc71026.htm,29.10.21
https://www.mako.co.il/news-military/2021_q4/Article-05089d3d356bc71026.htm,25.10.21
https://www.mako.co.il/news-military/2021_q4/Article-9087075fe8c9c71027.htm,20.10.21
https://www.mako.co.il/news-military/2021_q4/Article-767cb46c49c8c71026.htm?partner=lobby,17.10.21
https://www.mako.co.il/news-military/2021_q4/Article-69df645b9f87c71027.htm,15.10.21
https://www.mako.co.il/news-military/2021_q4/Article-e20094ba17b7c71026.htm,14.10.21
https://www.mako.co.il/news-military/2021_q4/Article-9e1178d2e116c71027.htm,09.10.21
https://www.mako.co.il/news-military/2021_q3/Article-87055096ff73c71027.htm,30.09.21
https://www.mako.co.il/news-military/2021_q3/Article-239c0f4af34bb71027.htm,02.10.21
https://www.mako.co.il/news-military/2021_q3/Article-f9a9bf9f1132c71026.htm,26.09.21
https://www.mako.co.il/news-military/2021_q3/Article-a6e4fdb81e2eb71027.htm,14.09.21
https://www.mako.co.il/news-military/2020_q1/Article-bfcb2f4a940eb71027.htm?partner=lobby,13.09.21
https://www.mako.co.il/news-military/2020_q1/Article-193086c3bcfdb71026.htm?partner=lobby,13.09.21
https://www.mako.co.il/news-military/2021_q3/Article-c496a39cfbddb71027.htm,13.09.21
https://www.mako.co.il/news-military/2021_q3/Article-fc281592b3cdb71027.htm,13.09.21
https://www.mako.co.il/news-military/2021_q3/Article-aa27e38341bdb71027.htm,12.09.21
https://www.mako.co.il/news-military/2021_q3/Article-d3548300506db71026.htm?partner=lobby,12.09.21
https://www.mako.co.il/news-military/2021_q3/Article-d797c381031db71027.htm,11.09.21
https://www.mako.co.il/news-military/2021_q3/Article-18a7e85d190db71027.htm,10.09.21
https://www.mako.co.il/news-military/2021_q3/Article-db4275ce38acb71026.htm?partner=lobby,09.09.21
https://www.mako.co.il/news-military/2021_q3/Article-b85a8a2fad6cb71026.htm,09.09.21
https://www.mako.co.il/news-military/2021_q3/Article-164c16d9b1fbb71027.htm,07.09.21
https://www.mako.co.il/news-military/2021_q3/Article-e696b0b1dbcbb71027.htm,07.09.21
https://www.mako.co.il/news-military/2021_q3/Article-1e3f7f4c241bb71027.htm,04.09.21
https://www.mako.co.il/news-military/2021_q3/Article-4a7212b5f1cab71026.htm,03.09.21
https://www.mako.co.il/news-military/2021_q3/Article-340eaef18daab71026.htm,03.09.21
https://www.mako.co.il/news-military/2021_q3/Article-f0e42af2d88ab71026.htm,03.09.21
https://www.mako.co.il/news-military/2021_q3/Article-8b5b999c79d8b71027.htm,29.08.21
https://www.mako.co.il/news-military/2021_q3/Article-d353662656e7b71027.htm?partner=lobby,25.08.21
https://www.mako.co.il/news-military/2021_q3/Article-c33eb3a2fd87b71026.htm,24.08.21
https://www.mako.co.il/news-military/2021_q3/Article-59a03c189a67b71027.htm,24.08.21
https://www.mako.co.il/news-military/2021_q3/Article-a01e474ed047b71027.htm,24.08.21
https://www.mako.co.il/news-military/2021_q3/Article-304c1f0f1b27b71026.htm,23.08.21
https://www.mako.co.il/news-military/2021_q3/Article-e278f06ddf17b71026.htm,23.08.21
https://www.mako.co.il/news-military/2021_q3/Article-d82dba84c006b71026.htm,19.08.21
https://www.mako.co.il/news-military/2021_q3/Article-3d97f3b19455b71026.htm,17.08.21
https://www.mako.co.il/news-military/2021_q3/Article-0af4a0002045b71027.htm,17.08.21
https://www.mako.co.il/news-military/2021_q3/Article-2ec7c65d38e4b71027.htm?partner=lobby,16.08.21
https://www.mako.co.il/news-military/2021_q3/Article-6c65c648cb12b71026.htm,07.08.21
https://www.mako.co.il/news-military/2021_q3/Article-a0c5a02369c1b71026.htm,07.08.21
https://www.mako.co.il/news-military/2021_q3/Article-2d48ba161ab1b71026.htm,06.08.21
https://www.mako.co.il/news-military/2021_q3/Article-0f1cdb259bb1b71027.htm,06.08.21
https://www.mako.co.il/news-military/2021_q3/Article-12ee26cf95b1b71026.htm?partner=lobby,06.08.21
https://www.mako.co.il/news-military/2021_q3/Article-68a72e5a92b1b71027.htm?partner=lobby,06.08.21
https://www.mako.co.il/news-military/2021_q3/Article-4e82cdaf8ca1b71027.htm?partner=lobby,06.08.21
https://www.mako.co.il/news-military/2021_q3/Article-16235ffd86a1b71027.htm?partner=lobby,06.08.21
https://www.mako.co.il/news-military/2021_q3/Article-3a2e13f96331b71026.htm,05.08.21
https://www.mako.co.il/news-military/2021_q3/Article-8eff18d82701b71027.htm,04.08.21
https://www.mako.co.il/news-military/2021_q3/Article-ffd076c34280b71026.htm?partner=lobby,02.08.21
https://www.mako.co.il/news-military/2021_q3/Article-3ff1db40809fa71027.htm?partner=lobby,30.07.21
https://www.mako.co.il/news-military/2021_q3/Article-9b3a64bef97ca71027.htm,21.07.21
https://www.mako.co.il/news-military/2021_q3/Article-62f68d3a4d4ca71026.htm,20.07.21
https://www.mako.co.il/news-military/2021_q3/Article-f9a44988d80ca71026.htm,20.07.21
https://www.mako.co.il/news-military/2021_q3/Article-f9a44988d80ca71026.htm?partner=lobby,20.07.21
https://www.mako.co.il/news-military/2020_q1/Article-32002044754aa71027.htm,17.07.21
https://www.mako.co.il/news-military/2021_q3/Article-c3560899505aa71027.htm,14.07.21
https://www.mako.co.il/news-military/2021_q3/Article-e99be9360f89a71026.htm?partner=lobby,12.07.21
https://www.mako.co.il/news-military/2021_q3/Article-821a7e627f09a71026.htm,10.07.21
https://www.mako.co.il/news-military/2021_q3/Article-6c0bbac82bb7a71026.htm,06.07.21
https://www.mako.co.il/news-military/2021_q3/Article-25578fcabed6a71027.htm,03.07.21
https://www.mako.co.il/news-military/2021_q3/Article-f26af4c18046a71026.htm?partner=lobby,02.07.21
https://www.mako.co.il/news-military/2021_q2/Article-f1d7efb90b95a71027.htm,30.06.21
https://www.mako.co.il/news-military/2021_q2/Article-914e924f1cf2a71026.htm,21.06.21
https://www.mako.co.il/news-military/2021_q2/Article-bb079992fce2a71027.htm,21.06.21
https://www.mako.co.il/news-military/2021_q2/Article-a6aba6fa05a2a71027.htm,20.06.21
https://www.mako.co.il/news-military/2021_q2/Article-d4eff22f0152a71026.htm?partner=lobby,19.06.21
https://www.mako.co.il/news-military/2020_q1/Article-0a8d2da4ddf1a71027.htm?partner=lobby,18.06.21
https://www.mako.co.il/news-military/2021_q2/Article-938c38d641b1a71026.htm,17.06.21
https://www.mako.co.il/news-military/2021_q2/Article-bb3a44a97881a71026.htm,17.06.21
https://www.mako.co.il/news-military/2021_q2/Article-c06a3e8aad51a71027.htm,16.06.21
https://www.mako.co.il/news-military/2021_q2/Article-8961b91dbd41a71027.htm,16.06.21
https://www.mako.co.il/news-military/2021_q2/Article-af846e5ac531a71026.htm?partner=lobby,16.06.21
https://www.mako.co.il/news-military/2021_q2/Article-7c98e4d7bb11a71026.htm?partner=lobby,16.06.21
https://www.mako.co.il/news-military/2021_q2/Article-3c6bac0d7511a71027.htm?partner=lobby,15.06.21
https://www.mako.co.il/news-military/2021_q2/Article-990c7c1f3b01a71027.htm?partner=lobby,15.06.21
https://www.mako.co.il/news-military/2021_q2/Article-1224ee7b0ff0a71026.htm,15.06.21
https://www.mako.co.il/news-military/2021_q2/Article-f178e0973ff0a71027.htm,15.06.21
https://www.mako.co.il/news-military/2021_q2/Article-08bfa54f42f0a71027.htm,15.06.21
https://www.mako.co.il/news-military/2021_q2/Article-539d632f6ad0a71027.htm,15.06.21
https://www.mako.co.il/news-military/2021_q2/Article-bae52dc46da0a71027.htm,14.06.21
https://www.mako.co.il/news-military/2021_q2/Article-829b54dc5390a71026.htm,14.06.21
https://www.mako.co.il/news-military/2021_q2/Article-bb2b9909cd30a71027.htm,13.06.21
https://www.mako.co.il/news-military/2021_q2/Article-eaad4643d72e971026.htm,06.06.21
https://www.mako.co.il/news-military/2021_q2/Article-385f0e83022e971027.htm,06.06.21
https://www.mako.co.il/news-military/2021_q2/Article-eaad4643d72e971026.htm?partner=lobby,06.06.21
https://www.mako.co.il/news-military/2021_q2/Article-385f0e83022e971027.htm?partner=lobby,06.06.21
https://www.mako.co.il/news-military/2021_q2/Article-0ea920dd5a8c971026.htm?partner=lobby,01.06.21
https://www.mako.co.il/news-military/2021_q2/Article-53994fa9a8da971027.htm,27.05.21
https://www.mako.co.il/news-military/2021_q2/Article-bf45b92c90ea971027.htm,27.05.21
https://www.mako.co.il/news-military/2021_q2/Article-dbb8b32b229a971027.htm,26.05.21
https://www.mako.co.il/news-military/2021_q2/Article-c15699555fb9971026.htm?partner=lobby,24.05.21
https://www.mako.co.il/news-military/2021_q2/Article-834b937c5089971027.htm,23.05.21
https://www.mako.co.il/news-military/2021_q2/Article-11c613283e49971026.htm,22.05.21
https://www.mako.co.il/news-military/2021_q2/Article-1e8ee772cd39971027.htm?partner=lobby,22.05.21
https://www.mako.co.il/news-military/2021_q2/Article-0061823bf619971027.htm?partner=lobby,22.05.21
https://www.mako.co.il/news-military/2021_q2/Article-b3cab91cb1f8971027.htm,21.05.21
https://www.mako.co.il/news-military/2021_q2/Article-8eef9771d2e8971027.htm,21.05.21
https://www.mako.co.il/news-military/2021_q2/Article-4e89d90b88d8971026.htm,21.05.21
https://www.mako.co.il/news-military/2021_q2/Article-ee48633ee4b8971027.htm,20.05.21
https://www.mako.co.il/news-military/2021_q2/Article-86b3fb4260b8971027.htm?partner=lobby,20.05.21
https://www.mako.co.il/news-military/2021_q2/Article-9a534a4e1ca8971027.htm?partner=lobby,20.05.21
https://www.mako.co.il/news-military/2021_q2/Article-9ff276b39488971026.htm?partner=lobby,22.05.21
https://www.mako.co.il/news-military/2021_q2/Article-bbb660477a98971027.htm,20.05.21
https://www.mako.co.il/news-military/2021_q2/Article-ff5e1cdfe698971027.htm,20.05.21
https://www.mako.co.il/news-military/2021_q2/Article-371fd31afb68971026.htm,21.05.21
https://www.mako.co.il/news-military/2021_q2/Article-aef81ed70d48971026.htm,19.05.21
https://www.mako.co.il/news-military/2021_q2/Article-a0deea7d7d38971027.htm?partner=lobby,19.05.21
https://www.mako.co.il/news-military/2021_q2/Article-631365b77d18971026.htm?partner=lobby,19.05.21
https://www.mako.co.il/news-military/2021_q2/Article-178c1de22828971027.htm?partner=lobby,19.05.21
https://www.mako.co.il/news-military/2021_q2/Article-1bd133072e08971027.htm,18.05.21
https://www.mako.co.il/news-military/2021_q2/Article-56407bc8e408971026.htm,18.05.21
https://www.mako.co.il/news-military/2021_q2/Article-53d0e99314e7971027.htm,18.05.21
https://www.mako.co.il/news-military/2021_q2/Article-d707d92584d7971026.htm,19.05.21
https://www.mako.co.il/news-military/2021_q2/Article-60ce3af3e6a7971027.htm,23.05.21
https://www.mako.co.il/news-military/2021_q2/Article-ff0df00cc2a7971027.htm?partner=lobby,18.05.21
https://www.mako.co.il/news-military/2021_q2/Article-c76c27801997971027.htm?partner=lobby,17.05.21
https://www.mako.co.il/news-military/2021_q2/Article-ea71f8135877971026.htm,17.05.21
https://www.mako.co.il/news-military/2021_q2/Article-4eb72dbbb177971026.htm,17.05.21
https://www.mako.co.il/news-military/2021_q2/Article-adaf7c998967971027.htm,16.05.21
https://www.mako.co.il/news-military/2021_q2/Article-c3b5dd516667971027.htm,16.05.21
https://www.mako.co.il/news-military/2021_q2/Article-a976b021b257971026.htm?partner=lobby,16.05.21
https://www.mako.co.il/news-military/2021_q2/Article-4d6936c09e47971027.htm?partner=lobby,16.05.21
https://www.mako.co.il/news-military/2021_q2/Article-db0b727d1247971027.htm?partner=lobby,16.05.21
https://www.mako.co.il/news-military/2021_q2/Article-c9678bd4b527971026.htm,16.05.21
https://www.mako.co.il/news-military/2021_q2/Article-1faeff749a17971027.htm,17.05.21
https://www.mako.co.il/news-military/2021_q2/Article-906eb5c34817971027.htm,15.05.21
https://www.mako.co.il/news-military/2021_q2/Article-ddff5f187707971026.htm,15.05.21
https://www.mako.co.il/news-military/2021_q2/Article-8593cd0d5bf6971027.htm?partner=lobby,15.05.21
https://www.mako.co.il/news-military/2021_q2/Article-9ee921068dd6971026.htm?partner=lobby,15.05.21
https://www.mako.co.il/news-military/2021_q2/Article-04d43b0189e6971027.htm?partner=lobby,15.05.21
https://www.mako.co.il/news-military/2021_q2/Article-5fc04d2d5cc6971026.htm,15.05.21
https://www.mako.co.il/news-military/2021_q2/Article-06dedfd788c6971026.htm,14.05.21
https://www.mako.co.il/news-military/2021_q2/Article-5b74c6a4f0c6971027.htm,14.05.21
https://www.mako.co.il/news-military/2021_q2/Article-a8f5c6a4f0c6971027.htm,14.05.21
https://www.mako.co.il/news-military/2020_q1/Article-f6ff06b9d7a6971026.htm?partner=lobby,14.05.21
https://www.mako.co.il/news-military/2020_q1/Article-8ebd88e972a6971026.htm,14.05.21
https://www.mako.co.il/news-military/2021_q2/Article-ba42e8ea7496971026.htm,14.05.21
https://www.mako.co.il/news-military/2021_q2/Article-0cd180b0fe86971027.htm,14.05.21
https://www.mako.co.il/news-military/2021_q2/Article-dc0609c36756971026.htm?partner=lobby,14.05.21
https://www.mako.co.il/news-military/2021_q2/Article-62f76aa12d46971026.htm?partner=lobby,13.05.21
https://www.mako.co.il/news-military/2021_q2/Article-d6735f9fb346971027.htm?partner=lobby,13.05.21
https://www.mako.co.il/news-military/2021_q2/Article-756ad9c5daf5971027.htm,13.05.21
https://www.mako.co.il/news-military/2020_q1/Article-02dd4020f436971026.htm,13.05.21
https://www.mako.co.il/news-military/2021_q2/Article-63deb92dd926971027.htm,13.05.21
https://www.mako.co.il/news-military/2021_q2/Article-4fc451a5c216971026.htm,12.05.21
https://www.mako.co.il/news-military/2021_q2/Article-693382163c06971026.htm,12.05.21
https://www.mako.co.il/news-military/2021_q2/Article-c67bfdb57b06971027.htm,13.05.21
https://www.mako.co.il/news-military/2021_q2/Article-e054e4384cf5971027.htm,12.05.21
https://www.mako.co.il/news-military/2021_q2/Article-0b8272671906971026.htm,12.05.21
https://www.mako.co.il/news-military/2021_q2/Article-926fdcee9cf5971027.htm?partner=lobby,12.05.21
https://www.mako.co.il/news-military/2021_q2/Article-cab637ae18f5971027.htm?partner=lobby,12.05.21
https://www.mako.co.il/news-military/2021_q2/Article-1d59ddd28fe5971027.htm?partner=lobby,12.05.21
https://www.mako.co.il/news-military/2021_q2/Article-8e4ed55623e5971027.htm,12.05.21
https://www.mako.co.il/news-military/2021_q2/Article-3cc7fc26a0d5971026.htm,12.05.21
https://www.mako.co.il/news-military/2021_q2/Article-16f4b4458cc5971027.htm,11.05.21
https://www.mako.co.il/news-military/2021_q2/Article-5414dfc32dc5971027.htm,11.05.21
https://www.mako.co.il/news-military/2020_q1/Article-3e023ae5ebb5971027.htm,11.05.21
https://www.mako.co.il/news-military/2021_q2/Article-007c31e145b5971026.htm,11.05.21
https://www.mako.co.il/news-military/2021_q2/Article-6032ff3dada5971027.htm,11.05.21
https://www.mako.co.il/news-military/2021_q2/Article-22617310c7a5971027.htm,11.05.21
https://www.mako.co.il/news-military/2021_q2/Article-c37eb98927a5971027.htm,11.05.21
https://www.mako.co.il/news-military/2021_q2/Article-2f9a9f01ca95971026.htm,11.05.21
https://www.mako.co.il/news-military/2021_q2/Article-b6cbc64ca595971026.htm?partner=lobby,12.05.21
https://www.mako.co.il/news-military/2020_q1/Article-ac148a9c4085971026.htm?partner=lobby,11.05.21
https://www.mako.co.il/news-military/2021_q2/Article-251e86103d75971026.htm?partner=lobby,10.05.21
https://www.mako.co.il/news-military/2020_q1/Article-b03bac8eb975971027.htm?partner=lobby,11.05.21
https://www.mako.co.il/news-military/2020_q1/Article-93f1a50fa275971027.htm?partner=lobby,10.05.21
https://www.mako.co.il/news-military/2020_q1/Article-e761bb69cf65971027.htm,10.05.21
https://www.mako.co.il/news-military/2020_q1/Article-ec55ebc22c65971027.htm,11.05.21
https://www.mako.co.il/news-military/2021_q2/Article-a5ceb7463765971026.htm,10.05.21
https://www.mako.co.il/news-military/2021_q2/Article-3fcbe778f265971026.htm,10.05.21
https://www.mako.co.il/news-military/2021_q2/Article-dbac2620c065971027.htm,10.05.21
https://www.mako.co.il/news-military/2021_q2/Article-927e87c55255971026.htm,10.05.21
https://www.mako.co.il/news-military/2021_q2/Article-ca1ad91f6125971027.htm?partner=lobby,10.05.21
https://www.mako.co.il/news-military/2021_q2/Article-de20e7bb0015971026.htm?partner=lobby,09.05.21
https://www.mako.co.il/news-military/2021_q2/Article-c17a89ad0bf4971026.htm?partner=lobby,09.05.21
https://www.mako.co.il/news-military/2021_q2/Article-47a11d27e4c4971026.htm,09.05.21
https://www.mako.co.il/news-military/2021_q2/Article-d443acc13d54971026.htm,07.05.21
https://www.mako.co.il/news-military/2021_q2/Article-4298d0bee234971026.htm,06.05.21
https://www.mako.co.il/news-military/2021_q2/Article-a8b8053ace93971026.htm,05.05.21
https://www.mako.co.il/news-military/2021_q2/Article-c7449d872293971027.htm,05.05.21
https://www.mako.co.il/news-military/2020_q1/Article-970eb19e7d71971026.htm,01.05.21
https://www.mako.co.il/news-military/2021_q2/Article-c436e50576c1971027.htm,29.04.21
https://www.mako.co.il/news-military/2021_q2/Article-3cf25a65e391971027.htm,28.04.21
https://www.mako.co.il/news-military/2021_q2/Article-b336ec01e151971027.htm,28.04.21
https://www.mako.co.il/news-military/2021_q2/Article-63d54ff010f0971026.htm?partner=lobby,27.04.21
https://www.mako.co.il/news-military/2021_q2/Article-1118b20969a0971026.htm?partner=lobby,26.04.21
https://www.mako.co.il/news-military/2021_q2/Article-b3053f241490971026.htm,25.04.21
https://www.mako.co.il/news-military/2021_q2/Article-2fd1fbee2c70971027.htm,25.04.21
https://www.mako.co.il/news-military/2021_q2/Article-87891bcd5e40971027.htm,25.04.21
https://www.mako.co.il/news-military/2021_q2/Article-7f721d517930971027.htm,24.04.21
https://www.mako.co.il/news-military/2021_q2/Article-83d326110230971027.htm,24.04.21
https://www.mako.co.il/news-military/2021_q2/Article-329dab96f520971026.htm,24.04.21
https://www.mako.co.il/news-military/2021_q2/Article-e2670f0b8320971027.htm,24.04.21
https://www.mako.co.il/news-military/2021_q2/Article-817ccc860500971027.htm,24.04.21
https://www.mako.co.il/news-military/2021_q2/Article-5ca56334abaf871026.htm,22.04.21
https://www.mako.co.il/news-military/2021_q2/Article-8dd5db99a78f871026.htm?partner=lobby,22.04.21
https://www.mako.co.il/news-military/2021_q2/Article-13a3963c2e7f871027.htm,22.04.21
https://www.mako.co.il/news-military/2021_q2/Article-3e95adbe196f871026.htm,22.04.21
https://www.mako.co.il/news-military/2021_q2/Article-aaae0002ec9e871026.htm,19.04.21
https://www.mako.co.il/news-military/2021_q2/Article-7f6e3b476e5e871027.htm,18.04.21
https://www.mako.co.il/news-military/2021_q2/Article-e685a42cadbd871026.htm,17.04.21
https://www.mako.co.il/news-military/2021_q2/Article-b74ed142da6d871027.htm?partner=lobby,16.04.21
https://www.mako.co.il/news-military/2021_q2/Article-ca0d6233c67c871026.htm,12.04.21
https://www.mako.co.il/news-military/2021_q1/Article-37249f23bbc7871026.htm?partner=lobby,29.03.21
https://www.mako.co.il/news-military/2021_q1/Article-36f873199d96871026.htm,25.03.21
https://www.mako.co.il/news-military/2021_q1/Article-a264e18d5006871027.htm,24.03.21
https://www.mako.co.il/news-military/2021_q1/Article-c262b8ec1ea3871026.htm?partner=lobby,16.03.21
https://www.mako.co.il/news-military/2021_q1/Article-375c31c7cb22871026.htm,11.03.21
https://www.mako.co.il/news-military/2021_q1/Article-4dd4fb98ebb0871026.htm?partner=lobby,07.03.21
https://www.mako.co.il/news-military/2021_q1/Article-778a971c1bff771026.htm,05.03.21
https://www.mako.co.il/news-military/2021_q1/Article-6fd5e70b6f9e771026.htm,28.02.21
https://www.mako.co.il/news-military/2021_q1/Article-f3196c36358e771026.htm?partner=lobby,28.02.21
https://www.mako.co.il/news-military/2021_q1/Article-1930621c5ebd771027.htm,26.02.21
https://www.mako.co.il/news-military/2021_q1/Article-6c607bbede6d771027.htm,25.02.21
https://www.mako.co.il/news-military/2021_q1/Article-b978f5b9b15b771026.htm,18.02.21
https://www.mako.co.il/news-military/2021_q1/Article-d3d7e9924faa771026.htm,16.02.21
https://www.mako.co.il/news-military/2021_q1/Article-ed2d89f8705a771026.htm,15.02.21
https://www.mako.co.il/news-military/2021_q1/Article-ce62509caa09771027.htm?partner=lobby,11.02.21
https://www.mako.co.il/news-military/2021_q1/Article-53aa261b10c6771026.htm,04.02.21
https://www.mako.co.il/news-military/2021_q1/Article-a13b9ba3ba96771027.htm?partner=lobby,03.02.21
https://www.mako.co.il/news-military/2021_q1/Article-fd9e9a616186771026.htm?partner=lobby,03.02.21
https://www.mako.co.il/news-military/2021_q1/Article-59543fa826f3771026.htm?partner=lobby,26.01.21
https://www.mako.co.il/news-military/2021_q1/Article-cf96a3b86eb3771026.htm?partner=lobby,26.01.21
https://www.mako.co.il/news-military/2021_q1/Article-31448d53bb41771026.htm,18.01.21
https://www.mako.co.il/news-military/2021_q1/Article-7dfc1d0f2631771026.htm,18.01.21
https://www.mako.co.il/news-military/2021_q1/Article-fec3b66c95c0771026.htm,16.01.21
https://www.mako.co.il/news-military/2021_q1/Article-d76889c0fa9f671027.htm?partner=lobby,13.01.21
https://www.mako.co.il/news-military/2021_q1/Article-4983f68af55d671026.htm,06.01.21
https://www.mako.co.il/news-military/2020_q4/Article-ed1df1908cda671026.htm,29.12.20
https://www.mako.co.il/news-military/2020_q4/Article-1f23a5f665ba671026.htm,29.12.20
https://www.mako.co.il/news-military/2020_q4/Article-ba630e74afa9671026.htm?partner=lobby,26.12.20
https://www.mako.co.il/news-military/2020_q4/Article-2dbcbbc917a9671026.htm?partner=lobby,25.12.20
https://www.mako.co.il/news-military/2020_q4/Article-bde0a9b42779671026.htm?partner=lobby,25.12.20
https://www.mako.co.il/news-military/2020_q4/Article-057cab37a166671026.htm,15.12.20
https://www.mako.co.il/news-military/2020_q4/Article-541e5e870ba3671026.htm,07.12.20
https://www.mako.co.il/news-military/2020_q4/Article-321b0ee0f101671027.htm,29.11.20
https://www.mako.co.il/news-military/2020_q4/Article-1fc9b1712d1f571027.htm,22.11.20
https://www.mako.co.il/news-military/2020_q4/Article-6aecaa1a9bde571027.htm?partner=lobby,22.11.20
https://www.mako.co.il/news-military/2020_q4/Article-03ea9680f4ce571027.htm?partner=lobby,21.11.20
https://www.mako.co.il/news-military/2020_q4/Article-4620e0f7035d571027.htm,17.11.20
https://www.mako.co.il/news-military/2020_q4/Article-1e418d361bbc571027.htm?partner=lobby,15.11.20
https://www.mako.co.il/news-military/2020_q4/Article-c8495a19f39c571026.htm?partner=lobby,15.11.20
https://www.mako.co.il/news-military/2020_q4/Article-d68597bc396b571026.htm,11.11.20
https://www.mako.co.il/news-military/2020_q4/Article-9cbbf133fd59571027.htm,05.11.20
https://www.mako.co.il/news-military/2020_q4/Article-6d88dd4a3e47571027.htm,29.10.20
https://www.mako.co.il/news-military/2020_q4/Article-9114669ded35571026.htm,23.10.20
https://www.mako.co.il/news-military/2020_q4/Article-06fe6c780b15571026.htm,23.10.20
https://www.mako.co.il/news-military/2020_q4/Article-c9880a95f8c4571026.htm,21.10.20
https://www.mako.co.il/news-military/2020_q4/Article-ed13207cfa24571026.htm,20.10.20
https://www.mako.co.il/news-military/2020_q4/Article-232b84720923571026.htm?partner=lobby,16.10.20
https://www.mako.co.il/news-military/2020_q4/Article-046778b13590571027.htm?partner=lobby,08.10.20
https://www.mako.co.il/news-military/2020_q4/Article-ebf710f4df10571027.htm,07.10.20
https://www.mako.co.il/news-military/2020_q4/Article-433ab6a09cee471027.htm,03.10.20
https://www.mako.co.il/news-military/2020_q3/Article-dc30fa55f556471027.htm,03.10.20
https://www.mako.co.il/news-military/2020_q4/Article-9caf0ba0c99e471026.htm,02.10.20
https://www.mako.co.il/news-military/2020_q3/Article-8e0ac398a44c471026.htm,25.09.20
https://www.mako.co.il/news-military/2020_q3/Article-a4739555bb69471026.htm?partner=lobby,16.09.20
https://www.mako.co.il/news-military/2020_q3/Article-5368de847059471027.htm?partner=lobby,16.09.20
https://www.mako.co.il/news-military/2020_q3/Article-36ba0ee55c29471027.htm?partner=lobby,16.09.20
https://www.mako.co.il/news-military/2020_q3/Article-f83dcb3e9229471026.htm,15.09.20
https://www.mako.co.il/news-military/2020_q3/Article-5289132984e8471027.htm,14.09.20
https://www.mako.co.il/news-military/2020_q3/Article-1a5eaa2f6fc8471026.htm,14.09.20
https://www.mako.co.il/news-military/2020_q3/Article-7ab63e668bc7471027.htm,11.09.20
https://www.mako.co.il/news-military/2020_q3/Article-dc8f419eed97471027.htm,11.09.20
https://www.mako.co.il/news-military/2020_q3/Article-4b068a1ab6d6471027.htm?partner=lobby,12.09.20
https://www.mako.co.il/news-military/2020_q3/Article-b5f3b40e3b54471026.htm?partner=lobby,31.08.20
https://www.mako.co.il/news-military/2020_q3/Article-d1ad2c6f01b2471026.htm?partner=lobby,29.08.20
https://www.mako.co.il/news-military/2020_q3/Article-85ce00dddd43471027.htm?partner=lobby,28.08.20
https://www.mako.co.il/news-military/2020_q3/Article-af3b31070c33471027.htm?partner=lobby,28.08.20
https://www.mako.co.il/news-military/2020_q3/Article-14cbbc02ed13471026.htm?partner=lobby,28.08.20
https://www.mako.co.il/news-military/2020_q3/Article-765f41656923471026.htm,28.08.20
https://www.mako.co.il/news-military/2020_q3/Article-b76220009703471027.htm,28.08.20
https://www.mako.co.il/news-military/2020_q3/Article-9243270a79e2471027.htm,27.08.20
https://www.mako.co.il/news-military/2020_q3/Article-657f0d39ec92471027.htm?partner=lobby,26.08.20
https://www.mako.co.il/news-military/2020_q3/Article-aaecfed32b62471026.htm?partner=lobby,25.08.20
https://www.mako.co.il/news-military/2020_q3/Article-539e000b13e1471026.htm,24.08.20
https://www.mako.co.il/news-military/2020_q3/Article-9f2a58c86f61471026.htm,22.08.20
https://www.mako.co.il/news-military/2020_q3/Article-f34da567e851471027.htm?partner=lobby,22.08.20
https://www.mako.co.il/news-military/2020_q3/Article-9a94a1683f11471027.htm?partner=lobby,22.08.20
https://www.mako.co.il/news-military/2020_q3/Article-7f9084dfd1d0471027.htm?partner=lobby,21.08.20
https://www.mako.co.il/news-military/2020_q3/Article-5b8be599dca0471026.htm,20.08.20
https://www.mako.co.il/news-military/2020_q3/Article-f0df00b9f750471026.htm,19.08.20
https://www.mako.co.il/news-military/2020_q3/Article-4b3c41722b20471026.htm,19.08.20
https://www.mako.co.il/news-military/2020_q3/Article-1118f2e52820471026.htm,18.08.20
https://www.mako.co.il/news-military/2020_q3/Article-f8c402efc500471027.htm?partner=lobby,18.08.20
https://www.mako.co.il/news-military/2020_q3/Article-9a4c8b66ac8f371027.htm,17.08.20
https://www.mako.co.il/news-military/2020_q3/Article-8612642b806f371027.htm,16.08.20
https://www.mako.co.il/news-military/2020_q3/Article-c8de642b806f371027.htm,16.08.20
https://www.mako.co.il/news-military/2020_q3/Article-4bc5f6b1c83f371027.htm,16.08.20
https://www.mako.co.il/news-military/2020_q3/Article-879296f5a0ae371027.htm?partner=lobby,14.08.20
https://www.mako.co.il/news-military/2020_q3/Article-4673ac4a357e371027.htm,13.08.20
https://www.mako.co.il/news-military/2020_q3/Article-e04bb5b7ab4e371027.htm,13.08.20
https://www.mako.co.il/news-military/2020_q3/Article-108fa636a93e371027.htm,12.08.20
https://www.mako.co.il/news-military/2020_q3/Article-db6c1e1bf11e371027.htm,12.08.20
https://www.mako.co.il/news-military/2020_q3/Article-0471af1368fd371026.htm,12.08.20
https://www.mako.co.il/news-military/2020_q3/Article-5fb0db943ced371027.htm,12.08.20
https://www.mako.co.il/news-military/2020_q3/Article-61e7c7c4cdcd371027.htm,11.08.20
https://www.mako.co.il/news-military/2020_q3/Article-53c07602c3cd371027.htm,11.08.20
https://www.mako.co.il/news-military/2020_q3/Article-53c07602c3cd371027.htm?partner=lobby,11.08.20
https://www.mako.co.il/news-military/2020_q3/Article-b6687d9c12ad371027.htm?partner=lobby,11.08.20
https://www.mako.co.il/news-military/2020_q3/Article-104e4eee648d371026.htm?partner=lobby,10.08.20
https://www.mako.co.il/news-military/2020_q3/Article-9d44c5fec97d371027.htm?partner=lobby,10.08.20
https://www.mako.co.il/news-military/2020_q3/Article-34347ced2f4d371026.htm,09.08.20
https://www.mako.co.il/news-military/2020_q1/Article-8404c48eaa3d371027.htm,09.08.20
https://www.mako.co.il/news-military/2020_q3/Article-ee080107cdcc371027.htm,08.08.20
https://www.mako.co.il/news-military/2020_q3/Article-2c73e4dca38c371026.htm,07.08.20
https://www.mako.co.il/news-military/2020_q3/Article-2fdafb9d275c371027.htm,07.08.20
https://www.mako.co.il/news-military/2020_q3/Article-ba38a03d303b371027.htm,03.08.20
https://www.mako.co.il/news-military/2020_q3/Article-341a0733572b371026.htm,03.08.20
https://www.mako.co.il/news-military/2020_q3/Article-94dc09b5f40b371026.htm,03.08.20
https://www.mako.co.il/news-military/2020_q3/Article-aaa6a54241f9371026.htm,30.07.20
https://www.mako.co.il/news-military/2020_q3/Article-a61f1fa82249371027.htm?partner=lobby,28.07.20
https://www.mako.co.il/news-military/2020_q3/Article-e5a288e6a9b8371026.htm,26.07.20
https://www.mako.co.il/news-military/2020_q3/Article-14cabf3a5a77371027.htm,22.07.20
https://www.mako.co.il/news-military/2020_q3/Article-92ca185fd6d4371026.htm,14.07.20
https://www.mako.co.il/news-military/2020_q3/Article-3e017a21d4e1371027.htm?partner=lobby,10.07.20
https://www.mako.co.il/news-military/2020_q3/Article-8387e4897c22371027.htm?partner=lobby,06.07.20
https://www.mako.co.il/news-military/2020_q3/Article-acea4f6b9a12371026.htm?partner=lobby,06.07.20
https://www.mako.co.il/news-military/2020_q3/Article-551b62823cf1371026.htm?partner=lobby,05.07.20
https://www.mako.co.il/news-military/2020_q3/Article-bef32b308e90371026.htm,01.07.20
https://www.mako.co.il/news-military/2020_q3/Article-0e309dade980371027.htm,01.07.20
https://www.mako.co.il/news-military/2020_q2/Article-ad5fb0e9166f271027.htm?partner=lobby,27.06.20
https://www.mako.co.il/news-military/2020_q2/Article-25148f6f3c1f271027.htm,27.06.20
https://www.mako.co.il/news-military/2020_q2/Article-ae76e21d1f5e271027.htm?partner=lobby,24.06.20
https://www.mako.co.il/news-military/2020_q2/Article-ad48a9f8b85e271027.htm?partner=lobby,24.06.20
https://www.mako.co.il/news-military/2020_q2/Article-b60cf4edbc4e271027.htm?partner=lobby,24.06.20
https://www.mako.co.il/news-military/2020_q2/Article-ff877812662d271026.htm,20.06.20
https://www.mako.co.il/news-military/2020_q2/Article-94613172ea6c271026.htm,18.06.20
https://www.mako.co.il/news-military/2020_q2/Article-aabecfc52c1c271027.htm?partner=lobby,17.06.20
https://www.mako.co.il/news-military/2020_q2/Article-6b46c88bf19b271027.htm,16.06.20
https://www.mako.co.il/news-military/2020_q2/Article-86c0b43782a9271027.htm?partner=lobby,09.06.20
https://www.mako.co.il/news-military/2020_q2/Article-ec3d10033947271027.htm,02.06.20
https://www.mako.co.il/news-military/2020_q2/Article-3ab19d031983271027.htm?partner=lobby,22.05.20
https://www.mako.co.il/news-military/2020_q2/Article-771d0e39ebfe171027.htm,07.05.20
https://www.mako.co.il/news-military/2020_q2/Article-702521443b6e171027.htm,06.05.20
https://www.mako.co.il/news-military/2020_q2/Article-7229d097051e171027.htm?partner=lobby,04.05.20
https://www.mako.co.il/news-military/2020_q2/Article-6e028f4deecc171027.htm,01.05.20
https://www.mako.co.il/news-military/2020_q2/Article-0b6f45fb73eb171026.htm,28.04.20
https://www.mako.co.il/news-military/2020_q2/Article-e214a9edbc8b171026.htm?partner=lobby,27.04.20
https://www.mako.co.il/news-military/2020_q2/Article-f688739d040a171026.htm,22.04.20
https://www.mako.co.il/news-military/2020_q2/Article-71cac89209b9171026.htm?partner=lobby,21.04.20
https://www.mako.co.il/news-military/2020_q2/Article-dec57ae0c299171026.htm?partner=lobby,20.04.20
https://www.mako.co.il/news-military/2020_q1/Article-438c0f611179171026.htm?partner=lobby,20.04.20
https://www.mako.co.il/news-military/2020_q2/Article-76e24433da48171027.htm,17.04.20
https://www.mako.co.il/news-military/2020_q1/Article-8d8e17065b13171027.htm,31.03.20
https://www.mako.co.il/news-military/2020_q1/Article-3f1533e34622171026.htm,28.03.20
https://www.mako.co.il/news-military/2020_q1/Article-14be5cc552d1171026.htm,27.03.20
https://www.mako.co.il/news-military/2020_q1/Article-e65667e4375e071026.htm,17.03.20
https://www.mako.co.il/news-military/2020_q1/Article-7cfd94aac01d071027.htm,13.03.20
https://www.mako.co.il/news-military/2020_q1/Article-a3d1db113dfc071027.htm,12.03.20
https://www.mako.co.il/news-military/2020_q1/Article-e99f01865d8b071026.htm,08.03.20
https://www.mako.co.il/news-military/2020_q1/Article-cc3c59378f0b071026.htm,06.03.20
https://www.mako.co.il/news-military/2020_q1/Article-2cef7309637a071026.htm,04.03.20
https://www.mako.co.il/news-military/2020_q1/Article-ee57c1a3aee9071026.htm,03.03.20
https://www.mako.co.il/news-military/2020_q1/Article-b06556a2f879071026.htm,01.03.20
https://www.mako.co.il/news-military/2020_q1/Article-7e7e924d7cd7071027.htm?partner=lobby,26.02.20
https://www.mako.co.il/news-military/2020_q1/Article-fb175c946bd7071027.htm?partner=lobby,25.02.20
https://www.mako.co.il/news-military/2020_q1/Article-1a769b3249d7071027.htm?partner=lobby,25.02.20
https://www.mako.co.il/news-military/2020_q1/Article-44c25124f2b7071027.htm,25.02.20
https://www.mako.co.il/news-military/2020_q1/Article-764138daba87071027.htm,25.02.20
https://www.mako.co.il/news-military/2020_q1/Article-1962b495c487071027.htm,24.02.20
https://www.mako.co.il/news-military/2020_q1/Article-c6c2d0925c77071027.htm,24.02.20
https://www.mako.co.il/news-military/2020_q1/Article-0df7a5ce2567071027.htm,24.02.20
https://www.mako.co.il/news-military/2020_q1/Article-fc3ffc08df67071027.htm,24.02.20
https://www.mako.co.il/news-military/2020_q1/Article-2c51f6c1e967071027.htm?partner=lobby,24.02.20
https://www.mako.co.il/news-military/2020_q1/Article-77de178a4a67071027.htm?partner=lobby,24.02.20
https://www.mako.co.il/news-military/2020_q1/Article-7d9b5972b367071027.htm?partner=lobby,24.02.20
https://www.mako.co.il/news-military/2020_q1/Article-56068cfc7e57071027.htm,24.02.20
https://www.mako.co.il/news-military/2020_q1/Article-96df24b8aa37071027.htm,24.02.20
https://www.mako.co.il/news-military/2020_q1/Article-523669d71437071027.htm,23.02.20
https://www.mako.co.il/news-military/2020_q1/Article-2b9b5ec45f27071027.htm,23.02.20
https://www.mako.co.il/news-military/2020_q1/Article-946ff5d4da27071027.htm,23.02.20
https://www.mako.co.il/news-military/2020_q1/Article-013ce427a327071027.htm,23.02.20
https://www.mako.co.il/news-military/2020_q1/Article-3f5aee3da836071026.htm?partner=lobby,20.02.20
https://www.mako.co.il/news-military/2020_q1/Article-5213e55d6716071026.htm,20.02.20
https://www.mako.co.il/news-military/2020_q1/Article-0ab83aceec45071026.htm?partner=lobby,17.02.20
https://www.mako.co.il/news-military/2020_q1/Article-fd7696cd10a4071027.htm,16.02.20
https://www.mako.co.il/news-military/2020_q1/Article-9e3def59f204071027.htm?partner=lobby,14.02.20
https://www.mako.co.il/news-military/2020_q1/Article-472b730e8163071027.htm,12.02.20
https://www.mako.co.il/news-military/2020_q1/Article-f21593b703b2071026.htm,10.02.20
https://www.mako.co.il/news-military/2020_q1/Article-b59fb783d592071026.htm,09.02.20
https://www.mako.co.il/news-military/2020_q1/Article-979a56ba2e52071026.htm,08.02.20
https://www.mako.co.il/news-military/2020_q1/Article-d14d674bd6f1071026.htm,07.02.20
https://www.mako.co.il/news-military/2020_q1/Article-7e77b506bee1071026.htm?partner=lobby,07.02.20
https://www.mako.co.il/news-military/2020_q1/Article-299f29a842c1071026.htm?partner=lobby,07.02.20
https://www.mako.co.il/news-military/2020_q1/Article-4e4cad496db1071026.htm?partner=lobby,06.02.20
https://www.mako.co.il/news-military/2020_q1/Article-39e3d064a6b1071026.htm,06.02.20
https://www.mako.co.il/news-military/2020_q1/Article-96130525f5b1071026.htm,06.02.20
https://www.mako.co.il/news-military/2020_q1/Article-cd4b3acde9a1071026.htm,06.02.20
https://www.mako.co.il/news-military/2020_q1/Article-fb220b78f791071027.htm?partner=lobby,06.02.20
https://www.mako.co.il/news-military/2019_q4/Article-56302b2a0181071027.htm?partner=lobby,06.02.20
https://www.mako.co.il/news-military/2020_q1/Article-32ebc98b6a61071027.htm,05.02.20
https://www.mako.co.il/news-military/2020_q1/Article-1ea1b6613521071027.htm,05.02.20
https://www.mako.co.il/news-military/2020_q1/Article-6bba29ed4820071027.htm,02.02.20
https://www.mako.co.il/news-military/2020_q1/Article-b87bec669220071027.htm,01.02.20
https://www.mako.co.il/news-military/2020_q1/Article-6aa58c0b5afff61027.htm,01.02.20
https://www.mako.co.il/news-military/2020_q1/Article-c335a37f5ccff61027.htm?partner=lobby,01.02.20
https://www.mako.co.il/news-military/2020_q1/Article-2ded99403daff61027.htm?partner=lobby,31.01.20
https://www.mako.co.il/news-military/2020_q1/Article-c328d368b58ff61027.htm,31.01.20
https://www.mako.co.il/news-military/2020_q1/Article-589877f66b2ff61026.htm,30.01.20
https://www.mako.co.il/news-military/2020_q1/Article-b1af9baab62ff61026.htm,29.01.20
https://www.mako.co.il/news-military/2020_q1/Article-102db3da96def61027.htm?partner=lobby,28.01.20
https://www.mako.co.il/news-military/2020_q1/Article-f2b7e5c7af7ef61027.htm?partner=lobby,27.01.20
https://www.mako.co.il/news-military/2020_q1/Article-e4cd093d5c2ef61026.htm,26.01.20
https://www.mako.co.il/news-military/2020_q1/Article-11e63940463df61027.htm,25.01.20
https://www.mako.co.il/news-military/2020_q1/Article-d0bd7b60e1e9f61027.htm,13.01.20
https://www.mako.co.il/news-military/2020_q1/Article-88d1355c3499f61027.htm,12.01.20
https://www.mako.co.il/news-military/2020_q1/Article-176de689d4daf61027.htm?partner=lobby,16.01.20
https://www.mako.co.il/news-military/2020_q1/Article-dab9690125aaf61027.htm?partner=lobby,15.01.20
https://www.mako.co.il/news-military/2020_q1/Article-5e1939d7269af61027.htm?partner=lobby,15.01.20
https://www.mako.co.il/news-military/2020_q1/Article-58d760e32476f61026.htm?partner=lobby,03.01.20
https://www.mako.co.il/news-military/2020_q1/Article-fd7e9a3a8056f61026.htm,02.01.20
https://www.mako.co.il/news-military/2020_q1/Article-cc4f7862fd16f61027.htm,01.01.20
https://www.mako.co.il/news-military/2020_q1/Article-8394131a2f48f61027.htm,08.01.20
https://www.mako.co.il/news-military/2020_q1/Article-104f23bfdab7f61027.htm,06.01.20
https://www.mako.co.il/news-military/2019_q4/Article-35b9a75839d4f61027.htm?partner=lobby,29.12.19
https://www.mako.co.il/news-military/2019_q4/Article-9948b327e9f3f61027.htm,26.12.19
https://www.mako.co.il/news-military/2019_q4/Article-0d58117d57e3f61027.htm,25.12.19
https://www.mako.co.il/news-military/2019_q4/Article-148b6b047b1ee61027.htm,08.12.19
https://www.mako.co.il/news-military/2019_q4/Article-08da5b5dddcde61027.htm,06.12.19
https://www.mako.co.il/news-military/2019_q4/Article-5649924e0bade61027.htm,06.12.19
https://www.mako.co.il/news-military/2019_q4/Article-9948b327e9f3f61027.htm?partner=lobby,26.12.19
https://www.mako.co.il/news-military/2019_q4/Article-0d58117d57e3f61027.htm?partner=lobby,25.12.19
https://www.mako.co.il/news-military/2019_q4/Article-41af75852b13f61026.htm,23.12.19
https://www.mako.co.il/news-military/2019_q4/Article-492f11d4b7f2f61026.htm,23.12.19
https://www.mako.co.il/news-military/2019_q4/Article-ccbd960f64f1f61027.htm?partner=lobby,20.12.19
https://www.mako.co.il/news-military/2019_q4/Article-efc5495de5b1f61027.htm,19.12.19
https://www.mako.co.il/news-military/2019_q4/Article-69cf881f4a9de61027.htm,06.12.19
https://www.mako.co.il/news-military/security/Article-d4e355c2678be61027.htm?partner=lobby,30.11.19
https://www.mako.co.il/news-military/2019_q4/Article-08da7379543be61027.htm,28.11.19
https://www.mako.co.il/news-military/2019_q4/Article-39d647b58fdae61027.htm?partner=lobby,28.11.19
https://www.mako.co.il/news-military/2019_q4/Article-7dd28f21d0cae61027.htm,27.11.19
https://www.mako.co.il/news-military/2019_q4/Article-a58fd766d09ae61027.htm,27.11.19
https://www.mako.co.il/news-military/2019_q4/Article-2fb5d554f17ae61026.htm,26.11.19
https://www.mako.co.il/news-military/2019_q4/Article-a9af21d4824ae61026.htm,26.11.19
https://www.mako.co.il/news-military/2019_q4/Article-b9b17167e53ae61026.htm?partner=lobby,25.11.19
https://www.mako.co.il/news-military/2019_q4/Article-41a6ba01e798e61026.htm,20.11.19
https://www.mako.co.il/news-military/2019_q4/Article-05436843fe58e61026.htm,20.11.19
https://www.mako.co.il/news-military/2019_q4/Article-d75176958948e61026.htm,19.11.19
https://www.mako.co.il/news-military/2019_q4/Article-a851e75c4618e61026.htm,19.11.19
https://www.mako.co.il/news-military/2019_q4/Article-307d01efdfd7e61026.htm?partner=lobby,18.11.19
https://www.mako.co.il/news-military/2019_q4/Article-59fc935f53b7e61027.htm?partner=lobby,18.11.19
https://www.mako.co.il/news-military/2019_q4/Article-0a5fab476157e61027.htm,16.11.19
https://www.mako.co.il/news-military/2019_q4/Article-068073d55e37e61027.htm,16.11.19
https://www.mako.co.il/news-military/2019_q4/Article-16032cea7637e61027.htm,16.11.19
https://www.mako.co.il/news-military/2019_q4/Article-2f946640e417e61027.htm,16.11.19
https://www.mako.co.il/news-military/2019_q4/Article-b45ac588ee17e61027.htm,16.11.19
https://www.mako.co.il/news-military/2019_q4/Article-a2e1c588ee17e61027.htm,16.11.19
https://www.mako.co.il/news-military/2019_q4/Article-dc91fe478507e61027.htm?partner=lobby,16.11.19
https://www.mako.co.il/news-military/2019_q4/Article-a488c4bfbde6e61027.htm?partner=lobby,15.11.19
https://www.mako.co.il/news-military/2019_q4/Article-4f89875148b6e61027.htm,15.11.19
https://www.mako.co.il/news-military/2019_q4/Article-5d295a6a34b6e61027.htm,14.11.19
https://www.mako.co.il/news-military/2019_q4/Article-66803e91a1b6e61027.htm,14.11.19
https://www.mako.co.il/news-military/2019_q4/Article-a4a738d7b3a6e61027.htm,14.11.19
https://www.mako.co.il/news-military/2019_q4/Article-e0c751e5d8a6e61026.htm,14.11.19
https://www.mako.co.il/news-military/2019_q4/Article-239e487058a6e61026.htm,14.11.19
https://www.mako.co.il/news-military/2019_q4/Article-c459714641a6e61026.htm,14.11.19
https://www.mako.co.il/news-military/2019_q4/Article-528afb033b96e61026.htm?partner=lobby,14.11.19
https://www.mako.co.il/news-military/2019_q4/Article-af8770fbb696e61026.htm?partner=lobby,14.11.19
https://www.mako.co.il/news-military/2019_q4/Article-d91647650296e61027.htm?partner=lobby,14.11.19
https://www.mako.co.il/news-military/2019_q4/Article-701df63e4b86e61027.htm,14.11.19
https://www.mako.co.il/news-military/2019_q4/Article-e9cc8cac2286e61027.htm,14.11.19
https://www.mako.co.il/news-military/2019_q4/Article-0ee952c4fb66e61027.htm,14.11.19
https://www.mako.co.il/news-military/2019_q4/Article-1708c06a3566e61027.htm,13.11.19
https://www.mako.co.il/news-military/2019_q4/Article-86736b0cc166e61027.htm,14.11.19
https://www.mako.co.il/news-military/2019_q4/Article-8ea8dd8c3e56e61027.htm,13.11.19
https://www.mako.co.il/news-military/2019_q4/Article-720f5146a756e61027.htm?partner=lobby,13.11.19
https://www.mako.co.il/news-military/2019_q4/Article-bf4e9ca7ae46e61027.htm?partner=lobby,13.11.19
https://www.mako.co.il/news-military/2019_q4/Article-dfe12a4bac46e61027.htm?partner=lobby,13.11.19
https://www.mako.co.il/news-military/2019_q4/Article-08ce6decc746e61027.htm,13.11.19
https://www.mako.co.il/news-military/2019_q4/Article-4a19296f4836e61027.htm,13.11.19
https://www.mako.co.il/news-military/2019_q4/Article-390154916246e61027.htm,13.11.19
https://www.mako.co.il/news-military/2019_q4/Article-33b22eefef36e61027.htm,13.11.19
https://www.mako.co.il/news-military/2019_q4/Article-8a8c14f0bb36e61027.htm,13.11.19
https://www.mako.co.il/news-military/2019_q4/Article-ddaad3666b36e61027.htm,13.11.19
https://www.mako.co.il/news-military/2019_q4/Article-a11df3b25516e61027.htm,13.11.19
https://www.mako.co.il/news-military/2019_q4/Article-cae43c07b636e61027.htm,13.11.19
https://www.mako.co.il/news-military/2019_q4/Article-6c3a3e15a236e61027.htm,13.11.19
https://www.mako.co.il/news-military/2019_q4/Article-16d167678e26e61027.htm?partner=lobby,13.11.19
https://www.mako.co.il/news-military/2019_q4/Article-2321db7bcb06e61027.htm?partner=lobby,13.11.19
https://www.mako.co.il/news-military/2019_q4/Article-d86579a4b016e61027.htm?partner=lobby,13.11.19
https://www.mako.co.il/news-military/2019_q4/Article-70f66894fa06e61027.htm?partner=lobby,12.11.19
https://www.mako.co.il/news-military/2019_q4/Article-c43f57eed806e61027.htm,12.11.19
https://www.mako.co.il/news-military/2019_q4/Article-5d4ace2f3ff5e61027.htm,12.11.19
https://www.mako.co.il/news-military/2019_q4/Article-bdd229748ef5e61027.htm,12.11.19
https://www.mako.co.il/news-military/2019_q4/Article-dda0017cf9f5e61027.htm,12.11.19
https://www.mako.co.il/news-military/2019_q4/Article-cd0f3b15aee5e61027.htm,12.11.19
https://www.mako.co.il/news-military/2019_q4/Article-b779c8b1e0f5e61027.htm?partner=lobby,13.11.19
https://www.mako.co.il/news-military/2019_q4/Article-35d2be56cde5e61027.htm?partner=lobby,12.11.19
https://www.mako.co.il/news-military/2019_q4/Article-18823b15aee5e61027.htm?partner=lobby,12.11.19
https://www.mako.co.il/news-military/2019_q4/Article-5c8e0fd82be5e61027.htm?partner=lobby,12.11.19
https://www.mako.co.il/news-military/2019_q4/Article-a75fbf12b5e5e61027.htm,13.11.19
https://www.mako.co.il/news-military/2019_q4/Article-e766ebfb76e5e61027.htm,12.11.19
https://www.mako.co.il/news-military/2019_q4/Article-85ba19d815e5e61027.htm,12.11.19
https://www.mako.co.il/news-military/2019_q4/Article-40b50d7084e5e61027.htm,12.11.19
https://www.mako.co.il/news-military/2019_q4/Article-fae6dc21a3e5e61027.htm,12.11.19
https://www.mako.co.il/news-military/2019_q4/Article-3cee18edb1e5e61027.htm,12.11.19
https://www.mako.co.il/news-military/2019_q4/Article-9db018edb1e5e61027.htm,12.11.19
https://www.mako.co.il/news-military/2019_q4/Article-b1c7b30c14d5e61027.htm?partner=lobby,12.11.19
https://www.mako.co.il/news-military/2019_q4/Article-619b98244a55e61027.htm,10.11.19
https://www.mako.co.il/news-military/2019_q4/Article-7e4b24b59db3e61026.htm,05.11.19
https://www.mako.co.il/news-military/2019_q4/Article-3f0a12c99c63e61026.htm,04.11.19
https://www.mako.co.il/news-military/2019_q4/Article-1228e6e1db43e61026.htm,04.11.19
https://www.mako.co.il/news-military/2019_q4/Article-589be48dcd13e61026.htm,03.11.19
https://www.mako.co.il/news-military/2019_q4/Article-fc3f7cd71003e61026.htm?partner=lobby,03.11.19
https://www.mako.co.il/news-military/2019_q4/Article-5d83a7d477f2e61026.htm?partner=lobby,03.11.19
https://www.mako.co.il/news-military/2019_q4/Article-72af96cbccd2e61026.htm?partner=lobby,03.11.19
https://www.mako.co.il/news-military/2019_q4/Article-6f56153e36c2e61026.htm?partner=lobby,02.11.19
https://www.mako.co.il/news-military/2019_q4/Article-9f1ec55aa6b2e61026.htm?partner=lobby,02.11.19
https://www.mako.co.il/news-military/2019_q4/Article-09ae78edd392e61026.htm,02.11.19
https://www.mako.co.il/news-military/2019_q4/Article-8d86c85c9a82e61026.htm,01.11.19
https://www.mako.co.il/news-military/2019_q4/Article-92228e37d982e61026.htm,02.11.19
https://www.mako.co.il/news-military/2019_q4/Article-b240fcf54582e61026.htm,02.11.19
https://www.mako.co.il/news-military/2019_q4/Article-c4263771de52e61026.htm,01.11.19
https://www.mako.co.il/news-military/2019_q4/Article-443b6cd75032e61026.htm,31.10.19
https://www.mako.co.il/news-military/2019_q4/Article-b872968bdc12e61026.htm,31.10.19
https://www.mako.co.il/news-military/2019_q4/Article-618b97f33502e61027.htm,31.10.19
https://www.mako.co.il/news-military/2019_q4/Article-fc2394fbc7c1e61027.htm?partner=lobby,30.10.19
https://www.mako.co.il/news-military/2019_q4/Article-71e730f66931e61027.htm,28.10.19
https://www.mako.co.il/news-military/2019_q4/Article-41f6f0e57121e61027.htm,28.10.19
https://www.mako.co.il/news-military/security/Article-99b2b60e62c0e61027.htm,27.10.19
https://www.mako.co.il/news-military/2019_q4/Article-e0bcd2e3f16bd61027.htm,10.10.19
https://www.mako.co.il/news-military/2019_q4/Article-0f40c66461aad61027.htm,08.10.19
https://www.mako.co.il/news-military/2019_q4/Article-8f1b2c5cd37ad61027.htm,07.10.19
https://www.mako.co.il/news-military/2019_q4/Article-952656533889d61027.htm,05.10.19
https://www.mako.co.il/news-military/2019_Q3/Article-9d96b1bd9996d61027.htm,25.09.19
https://www.mako.co.il/news-military/2019_Q3/Article-b842893f31e5d61027.htm,23.09.19
https://www.mako.co.il/news-military/2019_Q3/Article-127afe0691a4d61026.htm?partner=lobby,19.09.19
https://www.mako.co.il/news-military/2019_Q3/Article-ad5209982654d61026.htm?partner=lobby,18.09.19
https://www.mako.co.il/news-military/2019_Q3/Article-1a55691710a3d61026.htm,16.09.19
https://www.mako.co.il/news-military/2019_Q3/Article-57fb0debb783d61026.htm,16.09.19
https://www.mako.co.il/news-military/2019_Q3/Article-d7bd47857c62d61026.htm?partner=lobby,12.09.19
https://www.mako.co.il/news-military/2019_Q3/Article-74a7073ea862d61026.htm,12.09.19
https://www.mako.co.il/news-military/security/Article-032ef6b0b242d61026.htm,12.09.19
https://www.mako.co.il/news-military/2019_Q3/Article-da4b57e22512d61026.htm,12.09.19
https://www.mako.co.il/news-military/2019_Q3/Article-d7db97ecb112d61026.htm,11.09.19
https://www.mako.co.il/news-military/2019_Q3/Article-22815f166f02d61026.htm,11.09.19
https://www.mako.co.il/news-military/2019_Q3/Article-60bba97d3df1d61027.htm,11.09.19
https://www.mako.co.il/news-military/2019_Q3/Article-ff9b8dd79ad1d61027.htm,11.09.19
https://www.mako.co.il/news-military/2019_Q3/Article-89076ea67cc1d61027.htm,10.09.19
https://www.mako.co.il/news-military/2019_Q3/Article-3ec73aca65c1d61027.htm?partner=lobby,10.09.19
https://www.mako.co.il/news-military/2019_Q3/Article-c1a1c1f8c051d61027.htm,09.09.19
https://www.mako.co.il/news-military/2019_Q3/Article-6a0281994121d61027.htm,08.09.19
https://www.mako.co.il/news-military/2019_Q3/Article-90802635b4d0d61027.htm?partner=lobby,08.09.19
https://www.mako.co.il/news-military/2019_Q3/Article-9f004b86a6c0d61027.htm?partner=lobby,07.09.19
https://www.mako.co.il/news-military/2019_Q3/Article-db0c133242b0d61027.htm,07.09.19
https://www.mako.co.il/news-military/2019_Q3/Article-d1d5d137a280d61027.htm,07.09.19
https://www.mako.co.il/news-military/2019_Q3/Article-0af9a1872a60d61027.htm,06.09.19
https://www.mako.co.il/news-military/2019_Q3/Article-59f29ec6d060d61027.htm,06.09.19
https://www.mako.co.il/news-military/2019_Q3/Article-df48e6937effc61027.htm,05.09.19
https://www.mako.co.il/news-military/2019_Q3/Article-f276d4f1ba7fc61027.htm,03.09.19
https://www.mako.co.il/news-military/2019_Q3/Article-7ac94a92765fc61027.htm,03.09.19
https://www.mako.co.il/news-military/2019_Q3/Article-153fb666df2fc61027.htm,02.09.19
https://www.mako.co.il/news-military/2019_Q3/Article-e2b58d03342fc61027.htm,02.09.19
https://www.mako.co.il/news-military/2019_Q3/Article-c48aa9ad3e1fc61027.htm,02.09.19
https://www.mako.co.il/news-military/2019_Q3/Article-e1e20d72dc1fc61027.htm,02.09.19
https://www.mako.co.il/news-military/2019_Q3/Article-6c3c8bd0b11fc61027.htm?partner=lobby,02.09.19
https://www.mako.co.il/news-military/2019_Q3/Article-713b310f08dec61027.htm?partner=lobby,01.09.19
https://www.mako.co.il/news-military/2019_Q3/Article-86665c5767dec61027.htm?partner=lobby,01.09.19
https://www.mako.co.il/news-military/2019_Q3/Article-e62369f6c5dec61027.htm,01.09.19
https://www.mako.co.il/news-military/2019_Q3/Article-db4930f1f0dec61027.htm,01.09.19
https://www.mako.co.il/news-military/2019_Q3/Article-33a9433be1dec61027.htm,01.09.19
https://www.mako.co.il/news-military/2019_Q3/Article-c1ea550680dec61027.htm,01.09.19
https://www.mako.co.il/news-military/2019_Q3/Article-3276b9806fcec61027.htm,01.09.19
https://www.mako.co.il/news-military/2019_Q3/Article-06dd0ae786ddc61026.htm,29.08.19
https://www.mako.co.il/news-military/2019_Q3/Article-288161a0e69dc61026.htm,28.08.19
https://www.mako.co.il/news-military/2019_Q3/Article-0be554cfad8dc61026.htm,28.08.19
https://www.mako.co.il/news-military/2019_Q3/Article-88326e83513dc61027.htm?partner=lobby,27.08.19
https://www.mako.co.il/news-military/2019_Q3/Article-f7bbcbf39e2dc61027.htm?partner=lobby,27.08.19
https://www.mako.co.il/news-military/2019_Q3/Article-8237b1c4f8fcc61027.htm,26.08.19
https://www.mako.co.il/news-military/2019_Q3/Article-cd80db27cdecc61027.htm,26.08.19
https://www.mako.co.il/news-military/2019_Q3/Article-df6304813dbcc61027.htm?partner=lobby,26.08.19
https://www.mako.co.il/news-military/security/Article-f2ed82b839bcc61027.htm,26.08.19
https://www.mako.co.il/news-military/2019_Q3/Article-37c5c5a3caacc61027.htm,26.08.19
https://www.mako.co.il/news-military/2019_Q3/Article-915e5d3585acc61027.htm,26.08.19
https://www.mako.co.il/news-military/2019_Q3/Article-af504840de9cc61027.htm,25.08.19
https://www.mako.co.il/news-military/2019_Q3/Article-049a0c11f69cc61027.htm,25.08.19
https://www.mako.co.il/news-military/2019_Q3/Article-703f7db03809c61026.htm?partner=lobby,14.08.19
https://www.mako.co.il/news-military/2019_Q3/Article-c494ad5c64abc61027.htm,22.08.19
https://www.mako.co.il/news-military/2019_Q3/Article-e392fea44e9bc61027.htm,22.08.19
https://www.mako.co.il/news-military/2019_Q3/Article-0e269cb2759bc61027.htm,22.08.19
https://www.mako.co.il/news-military/2019_Q3/Article-af6c2951806bc61027.htm,22.08.19
https://www.mako.co.il/news-military/2019_Q3/Article-a552e1a1255bc61027.htm,21.08.19
https://www.mako.co.il/news-military/2019_Q3/Article-4f38f4f6fbfac61027.htm?partner=lobby,20.08.19
https://www.mako.co.il/news-military/2019_Q3/Article-88a14699c7dac61027.htm?partner=lobby,20.08.19
https://www.mako.co.il/news-military/2019_Q3/Article-c55ed62160aac61027.htm?partner=lobby,19.08.19
https://www.mako.co.il/news-military/2019_Q3/Article-e694e5b5258ac61027.htm,19.08.19
https://www.mako.co.il/news-military/2019_Q3/Article-6b830533195ac61027.htm,18.08.19
https://www.mako.co.il/news-military/2019_Q3/Article-674a1546e14ac61026.htm,18.08.19
https://www.mako.co.il/news-military/security/Article-a718f1d5873ac61026.htm,18.08.19
https://www.mako.co.il/news-military/2019_Q3/Article-0ed1e50d6e26c61027.htm,05.08.19
https://www.mako.co.il/news-military/2019_Q3/Article-69d52680d697c61027.htm,10.08.19
https://www.mako.co.il/news-military/2019_Q3/Article-172f173f50d4c61026.htm,01.08.19
https://www.mako.co.il/news-military/2019_Q3/Article-1d17148a6d84c61026.htm,31.07.19
https://www.mako.co.il/news-military/2019_Q3/Article-69aea0f25584c61026.htm,31.07.19
https://www.mako.co.il/news-military/2019_Q3/Article-fff92bc80044c61026.htm?partner=lobby,30.07.19
https://www.mako.co.il/news-military/2019_Q3/Article-ca25e58f41d3c61026.htm?partner=lobby,30.07.19
https://www.mako.co.il/news-military/security-q3_2019/Article-7d6256f60973c61027.htm,28.07.19
https://www.mako.co.il/news-military/security-q3_2019/Article-af87dcd2bf81c61026.htm?partner=lobby,22.07.19
https://www.mako.co.il/news-military/security-q3_2019/Article-aac362203f31c61027.htm,21.07.19
https://www.mako.co.il/news-military/2019_Q3/Article-1d17148a6d84c61026.htm?partner=lobby,31.07.19
https://www.mako.co.il/news-military/2019_Q3/Article-69aea0f25584c61026.htm?partner=lobby,31.07.19
https://www.mako.co.il/news-military/2019_Q3/Article-b4c6b3729844c61026.htm,30.07.19
https://www.mako.co.il/news-military/2019_Q3/Article-fff92bc80044c61026.htm,30.07.19
https://www.mako.co.il/news-military/2019_Q3/Article-ca25e58f41d3c61026.htm,30.07.19
https://www.mako.co.il/news-military/security-q3_2019/Article-0eb337d6c4afb61027.htm,16.07.19
https://www.mako.co.il/news-military/israel-q3_2019/Article-84d50a0e311cb61026.htm,05.07.19
https://www.mako.co.il/news-military/security-q3_2019/Article-da0789d2648db61027.htm?partner=lobby,10.07.19
https://www.mako.co.il/news-military/security-q3_2019/Article-e4965a2046cab61027.htm?partner=lobby,01.07.19
https://www.mako.co.il/news-military/security-q3_2019/Article-497e3cf2f5aab61027.htm,01.07.19
https://www.mako.co.il/news-military/security-q2_2019/Article-c4ab44abc69ab61026.htm,01.07.19
https://www.mako.co.il/news-military/security-q2_2019/Article-bfbd2f66f44ab61026.htm,29.06.19
https://www.mako.co.il/news-military/security-q3_2019/Article-e4965a2046cab61027.htm,01.07.19
https://www.mako.co.il/news-military/security-q2_2019/Article-bfbd2f66f44ab61026.htm?partner=lobby,29.06.19
https://www.mako.co.il/news-military/security-q2_2019/Article-0ce59d9d3ee8b61026.htm,27.06.19
https://www.mako.co.il/news-military/security-q2_2019/Article-692cedb82903b61027.htm,07.06.19
https://www.mako.co.il/news-military/security-q2_2019/Article-f486cb3596d2b61027.htm,06.06.19
https://www.mako.co.il/news-military/security-q2_2019/Article-d614f1262425b61026.htm,14.06.19
https://www.mako.co.il/news-military/security-q2_2019/Article-3f16318dcf15b61026.htm,13.06.19
https://www.mako.co.il/news-military/security-q2_2019/Article-cc80b91816f4b61027.htm,13.06.19
https://www.mako.co.il/news-military/security-q2_2019/Article-0ec9f21f08d4b61027.htm,13.06.19
https://www.mako.co.il/news-military/security-q2_2019/Article-88559133f0d4b61027.htm,12.06.19
https://www.mako.co.il/news-military/security-q2_2019/Article-6dc355bb7471b61026.htm?partner=lobby,02.06.19
https://www.mako.co.il/news-military/security-q2_2019/Article-16cca4195e51b61026.htm?partner=lobby,02.06.19
https://www.mako.co.il/news-military/security-q2_2019/Article-2848ed9d4341b61026.htm,01.06.19
https://www.mako.co.il/news-military/politics-q2_2019/Article-d3e97000d191b61026.htm?partner=lobby,02.06.19
https://www.mako.co.il/news-military/security-q2_2019/Article-034ad11f4e71b61026.htm,02.06.19
https://www.mako.co.il/news-military/security-q2_2019/Article-6dc355bb7471b61026.htm,02.06.19
https://www.mako.co.il/news-military/security-q2_2019/Article-16cca4195e51b61026.htm,02.06.19
https://www.mako.co.il/news-military/politics-q2_2019/Article-c6efbd7289efa61027.htm?partner=lobby,28.05.19
https://www.mako.co.il/news-military/israel-q2_2019/Article-67dc45872d19a61027.htm,07.05.19
https://www.mako.co.il/news-military/security-q2_2019/Article-d0d8e2a5ebe8a61027.htm,06.05.19
https://www.mako.co.il/news-military/security-q2_2019/Article-8488333418e8a61027.htm,07.05.19
https://www.mako.co.il/news-military/security-q2_2019/Article-7908fd8c07e8a61027.htm,06.05.19
https://www.mako.co.il/news-military/security-q2_2019/Article-4ec7157d1779a61027.htm?partner=lobby,08.05.19
https://www.mako.co.il/news-military/security-q2_2019/Article-77ef47b64cd8a61027.htm?partner=lobby,06.05.19
https://www.mako.co.il/news-military/security-q2_2019/Article-7a6651c896c8a61027.htm,06.05.19
https://www.mako.co.il/news-military/security-q2_2019/Article-040992fde0c8a61027.htm,06.05.19
https://www.mako.co.il/news-military/security-q2_2019/Article-5eac76a4f4b8a61027.htm,06.05.19
https://www.mako.co.il/news-military/security-q2_2019/Article-3c6aebd19fa8a61027.htm,06.05.19
https://www.mako.co.il/news-military/security-q2_2019/Article-4183bb51d998a61027.htm,06.05.19
https://www.mako.co.il/news-military/security-q2_2019/Article-3b8866613127a61027.htm?partner=lobby,04.05.19
https://www.mako.co.il/news-military/security-q2_2019/Article-040992fde0c8a61027.htm?partner=lobby,06.05.19
https://www.mako.co.il/news-military/security-q2_2019/Article-f6e3edc3b198a61027.htm,05.05.19
https://www.mako.co.il/news-military/security-q2_2019/Article-e34170df7098a61027.htm,05.05.19
https://www.mako.co.il/news-military/security-q2_2019/Article-039e2b1c2c88a61027.htm,06.05.19
https://www.mako.co.il/news-military/security-q2_2019/Article-dffe558bdea3a61004.htm?partner=lobby,21.04.19
https://www.mako.co.il/news-military/security-q2_2019/Article-5eac76a4f4b8a61027.htm?partner=lobby,06.05.19
https://www.mako.co.il/news-military/security-q2_2019/Article-3c6aebd19fa8a61027.htm?partner=lobby,06.05.19
https://www.mako.co.il/news-military/security-q2_2019/Article-4183bb51d998a61027.htm?partner=lobby,06.05.19
https://www.mako.co.il/news-military/security-q2_2019/Article-f6e3edc3b198a61027.htm?partner=lobby,05.05.19
https://www.mako.co.il/news-military/security-q2_2019/Article-9e8cb0846888a61027.htm,05.05.19
https://www.mako.co.il/news-military/security-q2_2019/Article-638ae99e6488a61027.htm,05.05.19
https://www.mako.co.il/news-military/security-q2_2019/Article-33aec0f5d288a61027.htm,05.05.19
https://www.mako.co.il/news-military/security-q2_2019/Article-07c5c20c5c78a61027.htm,06.05.19
https://www.mako.co.il/news-military/security-q2_2019/Article-bb336dc8cb78a61027.htm,05.05.19
https://www.mako.co.il/news-military/security-q2_2019/Article-54faca558b78a61027.htm,05.05.19
https://www.mako.co.il/news-military/security-q2_2019/Article-7908fd8c07e8a61027.htm?partner=lobby,06.05.19
https://www.mako.co.il/news-military/security-q2_2019/Article-77ef47b64cd8a61027.htm,06.05.19
https://www.mako.co.il/news-military/security-q2_2019/Article-0586fbe29cc6a61026.htm,30.04.19
https://www.mako.co.il/news-military/security-q2_2019/Article-17498bdf7ba6a61004.htm,30.04.19
https://www.mako.co.il/news-military/security-q2_2019/Article-dffe558bdea3a61004.htm,21.04.19
https://www.mako.co.il/news-military/security-q2_2019/Article-091c4e0e7cb2a61004.htm?partner=lobby,17.04.19
https://www.mako.co.il/news-military/politics-q2_2019/Article-ed06d1bfd182a61004.htm,17.04.19
https://www.mako.co.il/news-military/security-q1_2019/Article-9a96e307e8ac961004.htm?partner=lobby,29.03.19
https://www.mako.co.il/news-military/security-q1_2019/Article-11ef0c8cbd7c961004.htm,29.03.19
https://www.mako.co.il/news-military/security-q1_2019/Article-bdc5c23d345c961004.htm,28.03.19
https://www.mako.co.il/news-military/security-q2_2019/Article-091c4e0e7cb2a61004.htm,17.04.19
https://www.mako.co.il/news-military/security-q1_2019/Article-17a203e33d0c961004.htm?partner=lobby,27.03.19
https://www.mako.co.il/news-military/security-q1_2019/Article-0fe207db00eb961004.htm,27.03.19
https://www.mako.co.il/news-military/security-q1_2019/Article-665494b157db961004.htm,27.03.19
https://www.mako.co.il/news-military/security-q1_2019/Article-f6540b9289bb961004.htm,27.03.19
https://www.mako.co.il/news-military/security-q1_2019/Article-de94921b32bb961004.htm,26.03.19
https://www.mako.co.il/news-military/politics-q2_2019/Article-fd2c6c0dfb42a61004.htm?partner=lobby,16.04.19
https://www.mako.co.il/news-military/security-q1_2019/Article-11ef0c8cbd7c961004.htm?partner=lobby,29.03.19
https://www.mako.co.il/news-military/security-q1_2019/Article-9d5a4dfda94c961004.htm,28.03.19
https://www.mako.co.il/news-military/security-q2_2019/Article-3dd7b3fdbedd961004.htm,02.04.19
https://www.mako.co.il/news-military/security-q1_2019/Article-bc54240d6b1d961004.htm?partner=lobby,31.03.19
https://www.mako.co.il/news-military/security-q1_2019/Article-2384f6a9070d961004.htm,31.03.19
https://www.mako.co.il/news-military/security-q1_2019/Article-9a96e307e8ac961004.htm,29.03.19
https://www.mako.co.il/news-military/security-q1_2019/Article-665494b157db961004.htm?partner=lobby,27.03.19
https://www.mako.co.il/news-military/security-q1_2019/Article-f6540b9289bb961004.htm?partner=lobby,27.03.19
https://www.mako.co.il/news-military/security-q1_2019/Article-de94921b32bb961004.htm?partner=lobby,26.03.19
https://www.mako.co.il/news-military/israel-q1_2019/Article-ff12440af2ab961004.htm,26.03.19
https://www.mako.co.il/news-military/security-q1_2019/Article-bd2703ae9d9b961004.htm,26.03.19
https://www.mako.co.il/news-military/security-q1_2019/Article-b941de48059b961004.htm,26.03.19
https://www.mako.co.il/news-military/security-q1_2019/Article-e7e70cd80d8b961004.htm,26.03.19
https://www.mako.co.il/news-military/security-q1_2019/Article-54dbeb1b3a8b961004.htm,26.03.19
https://www.mako.co.il/news-military/security-q1_2019/Article-61eaeb1b3a8b961004.htm,26.03.19
https://www.mako.co.il/news-military/security-q1_2019/Article-2908288a533b961004.htm?partner=lobby,25.03.19
https://www.mako.co.il/news-military/security-q1_2019/Article-02ebc4f17e3b961004.htm?partner=lobby,25.03.19
https://www.mako.co.il/news-military/security-q1_2019/Article-8c2f93e3993b961004.htm?partner=lobby,25.03.19
https://www.mako.co.il/news-military/security-q1_2019/Article-0821288a533b961004.htm?partner=lobby,25.03.19
https://www.mako.co.il/news-military/security-q1_2019/Article-6a5303e0102b961004.htm?partner=lobby,25.03.19
https://www.mako.co.il/news-military/security-q1_2019/Article-b42f03e0102b961004.htm,25.03.19
https://www.mako.co.il/news-military/security-q1_2019/Article-04e72ddc001b961004.htm,24.03.19
https://www.mako.co.il/news-military/security-q1_2019/Article-72cc4325db84961004.htm?partner=lobby,04.03.19
https://www.mako.co.il/news-military/security-q1_2019/Article-7790fdb6a308961004.htm?partner=lobby,15.03.19
https://www.mako.co.il/news-military/security-q1_2019/Article-9ff0c55049f7961004.htm?partner=lobby,15.03.19
https://www.mako.co.il/news-military/security-q1_2019/Article-80c075720ee7961004.htm?partner=lobby,15.03.19
https://www.mako.co.il/news-military/security-q1_2019/Article-a8f1131546e7961004.htm?partner=lobby,15.03.19
https://www.mako.co.il/news-military/politics-q1_2019/Article-4a7e4a806ed7961004.htm,15.03.19
https://www.mako.co.il/news-military/security-q1_2019/Article-727b4a806ed7961004.htm,15.03.19
https://www.mako.co.il/news-military/security-q1_2019/Article-3c1fce0f5ad7961004.htm,15.03.19
https://www.mako.co.il/news-military/security-q1_2019/Article-b446933ba7d7961004.htm,15.03.19
https://www.mako.co.il/news-military/security-q1_2019/Article-b446933ba7d7961004.htm?partner=lobby,15.03.19
https://www.mako.co.il/news-military/security-q1_2019/Article-40817f64d187961004.htm,13.03.19
https://www.mako.co.il/news-military/security-q1_2019/Article-ff92e9cab9f4961004.htm,06.03.19
https://www.mako.co.il/news-military/israel-q1_2019/Article-8bf231de67e4961004.htm,05.03.19
https://www.mako.co.il/news-military/security-q1_2019/Article-40817f64d187961004.htm?partner=lobby,13.03.19
https://www.mako.co.il/news-military/israel-q1_2019/Article-8bf231de67e4961004.htm?partner=lobby,05.03.19
https://www.mako.co.il/news-military/security-q1_2019/Article-72cc4325db84961004.htm,04.03.19
https://www.mako.co.il/news-military/security-q1_2019/Article-b62e99b5eb65961004.htm,07.03.19
https://www.mako.co.il/news-military/security-q1_2019/Article-65e236e4d355961004.htm,07.03.19
https://www.mako.co.il/news-military/security-q1_2019/Article-b80ff8fc7845961004.htm,06.03.19
https://www.mako.co.il/news-military/israel-q1_2019/Article-f72008e91062961004.htm,25.02.19
https://www.mako.co.il/news-military/security-q1_2019/Article-3c2808e91062961004.htm,25.02.19
https://www.mako.co.il/news-military/politics-q1_2019/Article-33a2698d4031961004.htm?partner=lobby,22.02.19
https://www.mako.co.il/news-military/security-q1_2019/Article-d74c057f8bb0961004.htm,20.02.19
https://www.mako.co.il/news-military/security-q1_2019/Article-610ad4cdf1a0961004.htm,21.02.19
https://www.mako.co.il/news-military/security-q1_2019/Article-3318a8fd8f34861004.htm,13.01.19
https://www.mako.co.il/news-military/security-q1_2019/Article-77cc0f8bc634861004.htm,12.01.19
https://www.mako.co.il/news-military/security-q1_2019/Article-69a15243778b861004.htm,04.02.19
https://www.mako.co.il/news-military/security-q1_2019/Article-4e5ce32e2d77861004.htm?partner=lobby,23.01.19
https://www.mako.co.il/news-military/security-q1_2019/Article-0f4850460b67861004.htm,22.01.19
https://www.mako.co.il/news-military/security-q1_2019/Article-6c587f48ef37861004.htm,22.01.19
https://www.mako.co.il/news-military/security-q1_2019/Article-968fcc5e4a17861004.htm,22.01.19
https://www.mako.co.il/news-military/security-q1_2019/Article-214d9f027d7a861004.htm,01.02.19
https://www.mako.co.il/news-military/security-q1_2019/Article-7649ece4064a861004.htm,31.01.19
https://www.mako.co.il/news-military/israel-q1_2019/Article-1a020a8617c7861004.htm?partner=lobby,23.01.19
https://www.mako.co.il/news-military/security-q1_2019/Article-5b4f9fe654a7861004.htm,23.01.19
https://www.mako.co.il/news-military/security-q1_2019/Article-c0930c261297861004.htm,23.01.19
https://www.mako.co.il/news-military/security-q1_2019/Article-4e5ce32e2d77861004.htm,23.01.19
https://www.mako.co.il/news-military/israel-q1_2019/Article-a9eda9163bb6861004.htm?partner=lobby,20.01.19
https://www.mako.co.il/news-military/security-q1_2019/Article-6547e3f27da6861004.htm?partner=lobby,20.01.19
https://www.mako.co.il/news-military/security-q1_2019/Article-6c587f48ef37861004.htm?partner=lobby,22.01.19
https://www.mako.co.il/news-military/security-q1_2019/Article-9beb089f0107861004.htm,21.01.19
https://www.mako.co.il/news-military/security-q1_2019/Article-846509f8a5f6861004.htm,21.01.19
https://www.mako.co.il/news-military/security-q1_2019/Article-83fc06edb2f6861004.htm,21.01.19
https://www.mako.co.il/news-military/security-q1_2019/Article-e02c7e5ad7d6861004.htm,21.01.19
https://www.mako.co.il/news-military/security-q1_2019/Article-c8ce0322cfc6861004.htm,20.01.19
https://www.mako.co.il/news-military/security-q1_2019/Article-b4782ffe6182861004.htm,07.01.19
https://www.mako.co.il/news-military/security-q1_2019/Article-5382104f1762861004.htm,07.01.19
