https://13tv.co.il/item/news/politics/security/syria-attack-902783529/?pid=523&cid=902783529,28.12.2021
https://13tv.co.il/item/news/politics/security/syria-airstrike-902763723/?pid=523&cid=902763723,16.12.2021
https://13tv.co.il/item/news/politics/security/israeli-military-gear-china-902770944/?pid=523&cid=902770944,20.12.2021
https://13tv.co.il/item/news/politics/security/jerusalem-terror-902744544/?pid=523&cid=902744544,05.12.2021
https://13tv.co.il/item/news/politics/security/hamas-checking-options-902746440/?pid=523&cid=902746440,06.12.2021
https://13tv.co.il/item/news/politics/security/magav-reserves-1422813/?pid=523&cid=902723324,21.11.2021
https://13tv.co.il/item/news/politics/security/assault-in-syria-1417965/?pid=523&cid=902718509,17.11.2021
https://13tv.co.il/item/news/politics/security/syria-attack-1426032/?pid=523&cid=902728755,24.11.2021
https://13tv.co.il/item/news/politics/security/air-force-attack-1408089/?pid=523&cid=902669477,08.11.2021
https://13tv.co.il/item/news/politics/security/syria-attack-1401780/?pid=523&cid=902625237,03.11.2021
https://13tv.co.il/item/news/politics/security/bus-driver-stones-and-rocks-1388247-902618035/?pid=523&cid=902618035,20.10.2021
https://13tv.co.il/item/news/politics/security/syria-attack-1377117/?pid=523&cid=902616812,08.10.2021
https://13tv.co.il/item/news/politics/security/protected-windows-1371588/?pid=523&cid=902616266,04.10.2021
https://13tv.co.il/item/news/politics/security/nuclear-iran-1359012/?pid=523&cid=902614462,23.09.2021
https://13tv.co.il/item/news/politics/security/drone-idf-1356225/?pid=523&cid=902614238,21.09.2021
https://13tv.co.il/item/news/politics/security/rocket-fired-at-israel-1348353/?pid=523&cid=902613479,12.09.2021
https://13tv.co.il/item/news/politics/security/idf-attack-1348539/?pid=523&cid=902613518,13.09.2021
https://13tv.co.il/item/news/politics/security/air-force-strike-gaza-1346457/?pid=523&cid=902613326,11.09.2021
https://13tv.co.il/item/news/politics/security/alarm-in-gaza-envelope-1346340/?pid=523&cid=902613314,10.09.2021
https://13tv.co.il/item/news/politics/security/rocket-alert-gaza-1346964/?pid=523&cid=902613371,11.09.2021
https://13tv.co.il/item/news/politics/security/attack-in-gaza-1347171/?pid=523&cid=902613395,12.09.2021
https://13tv.co.il/item/news/politics/security/stabbing-attack-in-jerusalem-1349331/?pid=523&cid=902613556,13.09.2021
https://13tv.co.il/item/news/politics/security/remains-of-syrian-rocket-1340304/?pid=523&cid=902612746,03.09.2021
https://13tv.co.il/item/news/politics/security/possible-airstrike-in-syria-1340034/?pid=523&cid=902612728,03.09.2021
https://13tv.co.il/item/news/politics/security/attack-in-gaza-1343094/?pid=523&cid=902613022,07.09.2021
https://13tv.co.il/item/news/politics/security/situation-in-gaza-1341075/?pid=523&cid=902612842,05.09.2021
https://13tv.co.il/item/news/politics/security/gaza-vs-israel-1340634/?pid=523&cid=902612792,04.09.2021
https://13tv.co.il/item/news/politics/security/hammas-gaza-1334388/?pid=523&cid=902612071,29.08.2021
https://13tv.co.il/item/news/politics/security/iaf-attacks-in-gaza-1332891/?pid=523&cid=902611969,29.08.2021
https://13tv.co.il/item/news/politics/security/agreement-with-hamas-1323856/?pid=523&cid=902611148,20.08.2021
https://13tv.co.il/item/news/politics/security/syria-attack-1320934/?pid=523&cid=902610817,17.08.2021
https://13tv.co.il/item/news/politics/security/idf-attacked-in-lebanon-1305919/?pid=523&cid=902609522,05.08.2021
https://13tv.co.il/item/news/politics/security/rocket-fire-from-gaza-1320910/?pid=523&cid=902610832,17.08.2021
https://13tv.co.il/item/news/politics/security/red-color-alarm-1318948/?pid=523&cid=902610647,16.08.2021
https://13tv.co.il/item/news/politics/security/bennet-zahal-1320316/?pid=523&cid=902610757,17.08.2021
https://13tv.co.il/item/news/politics/security/sirens-galile-1307743/?pid=523&cid=902609677,06.08.2021
https://13tv.co.il/item/news/politics/security/syrian-missile-israel-1323727/?pid=523&cid=902611138,20.08.2021
https://13tv.co.il/item/news/politics/security/lebanon-rockets-1308016/?pid=523&cid=902609683,06.08.2021
https://13tv.co.il/item/news/politics/security/attacks-in-gaza-1308946/?pid=523&cid=902609741,07.08.2021
https://13tv.co.il/item/news/politics/security/udqz7-1319566/?pid=523&cid=902610699,16.08.2021
https://13tv.co.il/item/news/politics/security/hamas-to-israel-1294855/?pid=523&cid=902608505,26.07.2021
https://13tv.co.il/item/news/politics/security/north-shooting-1305754/?pid=523&cid=902609488,04.08.2021
https://13tv.co.il/item/news/politics/security/gaza-strip-attacks-1294618/?pid=523&cid=902608493,25.07.2021
https://13tv.co.il/item/news/politics/security/an-israeli-missile-test-1298638/?pid=523&cid=902608837,29.07.2021
https://13tv.co.il/item/news/politics/security/hamas-1298530/?pid=523&cid=902608828,29.07.2021
https://13tv.co.il/item/news/politics/security/r5u2o-1289383/?pid=523&cid=902608013,20.07.2021
https://13tv.co.il/item/news/politics/security/bennet-gaza-strip-1298896/?pid=523&cid=902608848,29.07.2021
https://13tv.co.il/item/news/politics/security/alarm-north-1305097/?pid=523&cid=902609433,04.08.2021
https://13tv.co.il/item/news/politics/security/idf-in-gaza-1275985/?pid=523&cid=902606470,03.07.2021
https://13tv.co.il/item/news/politics/security/gaza-1275361/?pid=523&cid=902606388,02.07.2021
https://13tv.co.il/item/news/politics/security/back-to-the-lebanon-war-1280110/?pid=523&cid=902607073,09.07.2021
https://13tv.co.il/item/news/politics/security/tensions-in-the-north-1288585/?pid=523&cid=902607955,20.07.2021
https://13tv.co.il/item/news/politics/security/police-flag-march-shabtai-1267129-902605355/?pid=523&cid=902605355,18.06.2021
https://13tv.co.il/item/news/politics/security/hammas-flag-march-1265059/?pid=523&cid=902605090,15.06.2021
https://13tv.co.il/item/news/politics/security/idf-attack-in-gaza-1266814/?pid=523&cid=902605319,17.06.2021
https://13tv.co.il/item/news/politics/security/officers-parents-1267861/?pid=523&cid=902605466,20.06.2021
https://13tv.co.il/item/news/politics/security/syria-attack-1261266/?pid=523&cid=902604650,09.06.2021
https://13tv.co.il/item/news/politics/security/or-heller-almog-boker-1253922/?pid=523&cid=902603224,21.05.2021
https://13tv.co.il/item/news/politics/security/netanyahu-1253724/?pid=523&cid=902603203,21.05.2021
https://13tv.co.il/item/news/politics/security/the-idf-concludes-1253820/?pid=523&cid=902603212,21.05.2021
https://13tv.co.il/item/news/politics/security/ceasefire-1253085/?pid=523&cid=902603092,19.05.2021
https://13tv.co.il/item/news/politics/security/wall-keeper-1253246/?pid=523&cid=902603132,20.05.2021
https://13tv.co.il/item/news/politics/security/rockets-towards-the-south-1252903/?pid=523&cid=902603066,19.05.2021
https://13tv.co.il/item/news/politics/security/the-wall-guard-1253481/?pid=523&cid=902603162,20.05.2021
https://13tv.co.il/item/news/politics/security/hamas-threat-1252642/?pid=523&cid=902603027,18.05.2021
https://13tv.co.il/item/news/politics/security/operation-wall-guard-1252791/?pid=523&cid=902603054,19.05.2021
https://13tv.co.il/item/news/politics/security/anti-tank-missile-1253309/?pid=523&cid=902603141,20.05.2021
https://13tv.co.il/item/news/politics/security/rocket-bombing-1251643/?pid=523&cid=902602830,16.05.2021
https://13tv.co.il/item/news/politics/security/rocket-on-israel-1252306-902602904/?pid=523&cid=902602904,18.05.2021
https://13tv.co.il/item/news/politics/security/firing-rockets-to-israel-1252571/?pid=523&cid=902602934,18.05.2021
https://13tv.co.il/item/news/politics/security/no-studies-1252115/?pid=523&cid=902602877,17.05.2021
https://13tv.co.il/item/news/politics/security/rocket-to-shlomi-1250761/?pid=523&cid=902602712,13.05.2021
https://13tv.co.il/item/news/politics/security/barrage-to-gush-dan-1251297/?pid=523&cid=902602785,15.05.2021
https://13tv.co.il/item/news/politics/security/israel-vs-hamas-1251883/?pid=523&cid=902602847,16.05.2021
https://13tv.co.il/item/news/politics/security/operation-wall-guard-1251169/?pid=523&cid=902602757,14.05.2021
https://13tv.co.il/item/news/politics/security/idf-hammas-1251035/?pid=523&cid=902602751,14.05.2021
https://13tv.co.il/item/news/politics/security/operation-heat-guard-1251947/?pid=523&cid=902602865,17.05.2021
https://13tv.co.il/item/news/politics/security/drone-1252344/?pid=523&cid=902602913,18.05.2021
https://13tv.co.il/item/news/politics/security/gaza-rocket-1248919/?pid=523&cid=902602535,10.05.2021
https://13tv.co.il/item/news/politics/security/rocket-to-ashkelo-1249194/?pid=523&cid=902602558,11.05.2021
https://13tv.co.il/item/news/politics/security/hammas-tel-aviv-1249536/?pid=523&cid=902602582,11.05.2021
https://13tv.co.il/item/news/politics/security/rocket-petch-tikva-1250286/?pid=523&cid=902602661,13.05.2021
https://13tv.co.il/item/news/politics/security/red-color-siren-1248733/?pid=523&cid=902602511,10.05.2021
https://13tv.co.il/item/news/politics/security/head-of-rocket-unit-extermination-1249381/?pid=523&cid=902602564,11.05.2021
https://13tv.co.il/item/news/politics/security/rocket-hammas-1247935/?pid=523&cid=902602375,09.05.2021
https://13tv.co.il/item/news/politics/security/rocket-lod-1249674/?pid=523&cid=902602605,12.05.2021
https://13tv.co.il/item/news/politics/security/divisions-to-gaza-1248621/?pid=523&cid=902602502,10.05.2021
https://13tv.co.il/item/news/politics/security/anti-tank-guided-missile-1249766/?pid=523&cid=902602611,12.05.2021
https://13tv.co.il/item/news/politics/security/hamas-threats-1250008/?pid=523&cid=902602635,12.05.2021
https://13tv.co.il/item/news/politics/security/hammas-price-1248841/?pid=523&cid=902602517,10.05.2021
https://13tv.co.il/item/news/politics/security/antitank-missile-1248866/?pid=523&cid=902602523,10.05.2021
https://13tv.co.il/item/news/politics/security/tel-aviv-rocket-1249588/?pid=523&cid=902602591,11.05.2021
https://13tv.co.il/item/news/politics/security/senior-hammas-1249853/?pid=523&cid=902602620,12.05.2021
https://13tv.co.il/item/news/politics/security/a-tense-night-in-gaza-1242491/?pid=523&cid=902601355,26.04.2021
https://13tv.co.il/item/news/politics/security/rockets-gaza-1243130/?pid=523&cid=902601511,28.04.2021
https://13tv.co.il/item/news/politics/security/fishing-area-gaza-1242238/?pid=523&cid=902601313,26.04.2021
https://13tv.co.il/item/news/politics/security/yossi-cohen-head-of-mosad-1243742/?pid=523&cid=902601683,29.04.2021
https://13tv.co.il/item/news/politics/security/gaza-charge-1238520/?pid=523&cid=902600588,16.04.2021
https://13tv.co.il/item/news/politics/security/rocket-fire-1238419/?pid=523&cid=902600555,15.04.2021
https://13tv.co.il/item/news/politics/security/israel-ship-attack-1237063/?pid=523&cid=902600378,13.04.2021
https://13tv.co.il/item/news/politics/security/sderot-twenty-years-of-rocketing-1237704/?pid=523&cid=902600527,14.04.2021
https://13tv.co.il/item/news/politics/security/rocket-to-israel-1242173/?pid=523&cid=902601284,25.04.2021
https://13tv.co.il/item/news/politics/security/rocket-gaza-strip-1238731/?pid=523&cid=902600626,16.04.2021
https://13tv.co.il/item/news/politics/security/itziks-war-1238698/?pid=523&cid=902600632,16.04.2021
https://13tv.co.il/item/news/politics/security/hamas-idf-shoot-1242030-902601245/?pid=523&cid=902601245,25.04.2021
https://13tv.co.il/item/news/politics/security/aviv-kochavi-1241783/?pid=523&cid=902601208,25.04.2021
https://13tv.co.il/item/news/politics/security/jecrf-1240650/?pid=523&cid=902601016,22.04.2021
https://13tv.co.il/item/news/politics/security/rocket-to-israel-1241608/?pid=523&cid=902601175,24.04.2021
https://13tv.co.il/item/news/politics/security/rocket-to-eshkol-1241377/?pid=523&cid=902601151,23.04.2021
https://13tv.co.il/item/news/politics/security/assault-in-syria-and-israel-1240528/?pid=523&cid=902601004,22.04.2021
https://13tv.co.il/item/news/politics/security/syria-attack-1234640/?pid=523&cid=902599957,08.04.2021
https://13tv.co.il/item/news/politics/security/tomato-gold-smuggling-1226468/?pid=523&cid=902598685,22.03.2021
https://13tv.co.il/item/news/politics/security/rocket-gaza-strip-1227299/?pid=523&cid=902598770,23.03.2021
https://13tv.co.il/item/news/politics/security/iron-dome-1224059/?pid=523&cid=902598143,16.03.2021
https://13tv.co.il/item/news/politics/security/oman-ship-iran-1216785/?pid=523&cid=902596496,27.02.2021
https://13tv.co.il/item/news/politics/security/arrow-four-missile-1212438/?pid=523&cid=902595565,18.02.2021
https://13tv.co.il/item/news/politics/security/niv-lubaton-1221307/?pid=523&cid=902597536,09.03.2021
https://13tv.co.il/item/news/politics/security/gantz-iran-1219599/?pid=523&cid=902597167,05.03.2021
https://13tv.co.il/item/news/politics/security/ashkelon-sirens-1222344/?pid=523&cid=902597788,11.03.2021
https://13tv.co.il/item/news/politics/security/lebanon-idf-plane-1205229/?pid=523&cid=902594044,03.02.2021
https://13tv.co.il/item/news/politics/security/idf-drill-1211082/?pid=523&cid=902595335,16.02.2021
https://13tv.co.il/item/news/politics/security/assault-in-syria-1210476/?pid=523&cid=902595161,15.02.2021
https://13tv.co.il/item/news/politics/security/assault-in-gaza-1196973/?pid=523&cid=902592376,18.01.2021
https://13tv.co.il/item/news/politics/security/rocket-fire-1197825/?pid=523&cid=902592555,19.01.2021
https://13tv.co.il/item/news/politics/security/gulf-war-israel-1190443/?pid=523&cid=902591249,06.01.2021
https://13tv.co.il/item/news/politics/security/rocket-lightning-strike-1197026/?pid=523&cid=902592385,18.01.2021
https://13tv.co.il/item/news/politics/security/syria-1191786/?pid=523&cid=902591335,06.01.2021
https://13tv.co.il/item/news/politics/security/rocket-gaza-strip-1185465/?pid=523&cid=902668960,29.12.2020
https://13tv.co.il/item/news/politics/security/iron-dome-1181505/?pid=523&cid=902668265,21.12.2020
https://13tv.co.il/item/news/politics/security/satellite-images-of-syria-1183434/?pid=523&cid=902668635,25.12.2020
https://13tv.co.il/item/news/politics/security/syria-1183270/?pid=523&cid=902668603,25.12.2020
https://13tv.co.il/item/news/politics/security/strike-gaza-1183627/?pid=523&cid=902668665,26.12.2020
https://13tv.co.il/item/news/politics/security/red-alert-1183500/?pid=523&cid=902668650,25.12.2020
https://13tv.co.il/item/news/politics/security/syria-attack-1186293/?pid=523&cid=902669085,30.12.2020
https://13tv.co.il/item/news/politics/security/eli-sharvit-1175821/?pid=523&cid=902667213,11.12.2020
https://13tv.co.il/item/news/politics/security/missile-test-1178003/?pid=523&cid=902667577,15.12.2020
https://13tv.co.il/item/news/politics/security/ssar-6-1175762/?pid=523&cid=902667201,11.12.2020
https://13tv.co.il/item/news/politics/security/south-tension-1159148/?pid=523&cid=902662503,15.11.2020
https://13tv.co.il/item/news/politics/security/assault-in-syria-1161107/?pid=523&cid=902662865,18.11.2020
https://13tv.co.il/item/news/politics/security/rockets-accident-1162395/?pid=523&cid=902664982,19.11.2020
https://13tv.co.il/item/news/politics/security/south-tension-1159285/?pid=523&cid=902662530,15.11.2020
https://13tv.co.il/item/news/politics/security/red-alert-1163144/?pid=523&cid=902665121,21.11.2020
https://13tv.co.il/item/news/politics/security/tank-firing-1163873/?pid=523&cid=902665258,22.11.2020
https://13tv.co.il/item/news/politics/security/iron-dome-jihad-1157403/?pid=523&cid=902662144,11.11.2020
https://13tv.co.il/item/news/politics/security/pedophile-arrest-1146682/?pid=523&cid=902660174,23.10.2020
https://13tv.co.il/item/news/politics/security/red-alert-1146390/?pid=523&cid=902660103,22.10.2020
https://13tv.co.il/item/news/politics/security/red-alert-1145122/?pid=523&cid=902659831,20.10.2020
https://13tv.co.il/item/news/politics/security/f35-aircraft-1157784/?pid=523&cid=902662225,11.11.2020
https://13tv.co.il/item/news/politics/security/assault-in-syria-1145264/?pid=523&cid=902659873,21.10.2020
https://13tv.co.il/item/news/politics/security/idf-sea-craft-1154240/?pid=523&cid=902661532,05.11.2020
https://13tv.co.il/item/news/politics/security/red-alert-1143092/?pid=523&cid=902659428,16.10.2020
https://13tv.co.il/item/news/politics/security/south-tension-1136619/?pid=523&cid=902658177,05.10.2020
https://13tv.co.il/item/news/politics/security/hezbollah-idf-1134932/?pid=523&cid=902657902,02.10.2020
https://13tv.co.il/item/news/politics/security/syria-1125225/?pid=523&cid=902656060,11.09.2020
https://13tv.co.il/item/news/politics/security/asher-biton-1132296/?pid=523&cid=902657365,25.09.2020
https://13tv.co.il/item/news/politics/security/air-strike-syria-1126105/?pid=523&cid=902656221,13.09.2020
https://13tv.co.il/item/news/politics/security/red-alarm-while-ceremony-1127540/?pid=523&cid=902656461,15.09.2020
https://13tv.co.il/item/news/politics/security/south-1127776/?pid=523&cid=902656485,16.09.2020
https://13tv.co.il/item/news/politics/security/sea-missile-system-1132125/?pid=523&cid=902657344,25.09.2020
https://13tv.co.il/item/news/politics/security/coronavirus-gaza-strip-1118106/?pid=523&cid=902654689,28.08.2020
https://13tv.co.il/item/news/politics/security/gaza-attacks-1120125/?pid=523&cid=902655025,01.09.2020
https://13tv.co.il/item/news/politics/security/south-1113806/?pid=523&cid=902653866,20.08.2020
https://13tv.co.il/item/news/politics/security/south-tension-1114164/?pid=523&cid=902653942,21.08.2020
https://13tv.co.il/item/news/politics/security/gaza-attack-1117854/?pid=523&cid=902654644,28.08.2020
https://13tv.co.il/item/news/politics/security/sderot-1114372/?pid=523&cid=902653986,22.08.2020
https://13tv.co.il/item/news/politics/security/hamas-1117910/?pid=523&cid=902654647,28.08.2020
https://13tv.co.il/item/news/politics/security/idf-attacked-in-the-gaza-strip-1115090/?pid=523&cid=902654107,24.08.2020
https://13tv.co.il/item/news/politics/security/idf-attack-gaza-1113931/?pid=523&cid=902653905,21.08.2020
https://13tv.co.il/item/news/politics/security/hamas-1113984/?pid=523&cid=902653911,21.08.2020
https://13tv.co.il/item/news/politics/security/arrow-expirement-1109659/?pid=523&cid=902653067,13.08.2020
https://13tv.co.il/item/news/politics/security/south-1112478/?pid=523&cid=902653622,18.08.2020
https://13tv.co.il/item/news/politics/security/gaza-attack-1109189/?pid=523&cid=902652960,12.08.2020
https://13tv.co.il/item/news/politics/security/disorders-on-the-border-fence-1110759/?pid=523&cid=902653277,15.08.2020
https://13tv.co.il/item/news/politics/security/gaza-attack-1108998/?pid=523&cid=902652929,12.08.2020
https://13tv.co.il/item/news/politics/security/south-fire-1110961/?pid=523&cid=902653304,16.08.2020
https://13tv.co.il/item/news/politics/security/fishing-gaza-1109395/?pid=523&cid=902653011,12.08.2020
https://13tv.co.il/item/news/politics/security/gaza-attack-1109593/?pid=523&cid=902653058,13.08.2020
https://13tv.co.il/item/news/politics/security/idf-1109713/?pid=523&cid=902653079,13.08.2020
https://13tv.co.il/item/news/politics/security/south-1110798/?pid=523&cid=902653280,16.08.2020
https://13tv.co.il/item/news/politics/security/xbu5i-1112311/?pid=523&cid=902653575,18.08.2020
https://13tv.co.il/item/news/politics/security/gaza-attack-hamas-1103596/?pid=523&cid=902651917,03.08.2020
https://13tv.co.il/item/news/politics/security/v-5pw-1106800/?pid=523&cid=902652496,08.08.2020
https://13tv.co.il/item/news/politics/security/south-alarm-1103494/?pid=523&cid=902651902,02.08.2020
https://13tv.co.il/item/news/politics/security/hamas-tensions-in-the-south-1108429/?pid=523&cid=902652815,11.08.2020
https://13tv.co.il/item/news/politics/security/assault-in-gaza-1106264/?pid=523&cid=902652407,06.08.2020
https://13tv.co.il/item/news/politics/security/the-idf-attacks-gaza-1107677/?pid=523&cid=902652664,09.08.2020
https://13tv.co.il/item/news/politics/security/gantz-hamas-1108497/?pid=523&cid=902652833,11.08.2020
https://13tv.co.il/item/news/politics/security/mevaker-protect-from-rockets-1102887-902651802/?pid=523&cid=902651802,03.08.2020
https://13tv.co.il/item/news/politics/security/south-baloons-1107994/?pid=523&cid=902652709,10.08.2020
https://13tv.co.il/item/news/politics/security/idf-responds-1089850/?pid=523&cid=902648692,05.07.2020
https://13tv.co.il/item/news/politics/security/rocket-alarm-south-1089751/?pid=523&cid=902648671,05.07.2020
https://13tv.co.il/item/news/politics/security/south-alarm-1085124/?pid=523&cid=902648038,26.06.2020
https://13tv.co.il/item/news/politics/security/rockets-annexation-1085260/?pid=523&cid=902648062,27.06.2020
https://13tv.co.il/item/news/politics/security/gaza-terror-1083516/?pid=523&cid=902647809,24.06.2020
https://13tv.co.il/item/news/politics/security/south-alarm-1078580/?pid=523&cid=902647129,15.06.2020
https://13tv.co.il/item/news/politics/security/south-alarm-1066683/?pid=523&cid=902645509,26.05.2020
https://13tv.co.il/item/news/politics/security/g3txe-1071068/?pid=523&cid=902646054,02.06.2020
https://13tv.co.il/item/news/politics/security/soldier-shooting-1059989/?pid=523&cid=902644428,13.05.2020
https://13tv.co.il/item/news/politics/security/south-gaza-rocket-hamas-1055708/?pid=523&cid=902642581,06.05.2020
https://13tv.co.il/item/news/politics/security/syria-attack-1051028/?pid=523&cid=902641945,27.04.2020
https://13tv.co.il/item/news/politics/security/warning-shots-1049624/?pid=523&cid=902641704,23.04.2020
https://13tv.co.il/item/news/politics/security/satellite-syria-1056641/?pid=523&cid=902642704,07.05.2020
https://13tv.co.il/item/news/politics/security/syria-attack-1053186/?pid=523&cid=902642235,01.05.2020
https://13tv.co.il/item/news/politics/security/assault-in-syria-1048244/?pid=523&cid=902641497,20.04.2020
https://13tv.co.il/item/news/politics/security/syria-attack-1048485/?pid=523&cid=902641524,21.04.2020
https://13tv.co.il/item/news/politics/security/assault-in-syria-1039432/?pid=523&cid=902640046,31.03.2020
https://13tv.co.il/item/news/politics/security/south-alarm-1036744/?pid=523&cid=902639665,27.03.2020
https://13tv.co.il/item/news/politics/security/gaza-strike-1036785/?pid=523&cid=902639671,27.03.2020
https://13tv.co.il/item/news/politics/security/south-tension-1013659/?pid=523&cid=902635658,24.02.2020
https://13tv.co.il/item/news/politics/security/gaza-failed-launch-1017657/?pid=523&cid=902637157,01.03.2020
https://13tv.co.il/item/news/politics/security/cease-fire-1013974/?pid=523&cid=902635685,24.02.2020
https://13tv.co.il/item/news/politics/security/south-1014445/?pid=523&cid=902635757,25.02.2020
https://13tv.co.il/item/news/politics/security/syria-israel-air-bomb-1016166/?pid=523&cid=902636023,28.02.2020
https://13tv.co.il/item/news/politics/security/failed-rocket-1021546/?pid=523&cid=902637611,06.03.2020
https://13tv.co.il/item/news/politics/security/cease-fire-cabinet-1014068/?pid=523&cid=902635699,24.02.2020
https://13tv.co.il/item/news/politics/security/bulldozer-incident-gaza-1016038/?pid=523&cid=902635999,27.02.2020
https://13tv.co.il/item/news/politics/security/red-color-1025597/?pid=523&cid=902638159,12.03.2020
https://13tv.co.il/item/news/politics/security/gantz-south-escalation-1013776/?pid=523&cid=902635673,24.02.2020
https://13tv.co.il/item/news/politics/security/south-shooting-1012869/?pid=523&cid=902635576,23.02.2020
https://13tv.co.il/item/news/politics/security/syria-attack-1013116/?pid=523&cid=902635606,23.02.2020
https://13tv.co.il/item/news/politics/security/israel-eliminate-hamas-officials-1008873/?pid=523&cid=902635046,18.02.2020
https://13tv.co.il/item/news/politics/security/m8ltl-1011475/?pid=523&cid=902635394,21.02.2020
https://13tv.co.il/item/news/politics/security/ashkelon-shooting-1012706/?pid=523&cid=902635564,23.02.2020
https://13tv.co.il/item/news/politics/security/rocket-attack-record-1013329/?pid=523&cid=902635633,24.02.2020
https://13tv.co.il/item/news/politics/security/gaza-attack-1013006/?pid=523&cid=902635591,23.02.2020
https://13tv.co.il/item/news/politics/security/rockets-1013429/?pid=523&cid=902635643,24.02.2020
https://13tv.co.il/item/news/politics/security/hamas-stop-fire-1006498/?pid=523&cid=902634695,13.02.2020
https://13tv.co.il/item/news/politics/security/south-alarm-1007246/?pid=523&cid=902634823,15.02.2020
https://13tv.co.il/item/news/politics/security/south-alarm-1003278/?pid=523&cid=902634239,09.02.2020
https://13tv.co.il/item/news/politics/security/hammas-tension-south-1007121/?pid=523&cid=902634792,15.02.2020
https://13tv.co.il/item/news/politics/security/idf-response-1003324/?pid=523&cid=902634245,10.02.2020
https://13tv.co.il/item/news/politics/security/explosive-balloons-1005210/?pid=523&cid=902634507,12.02.2020
https://13tv.co.il/item/news/politics/security/balloons-sderot-1006187/?pid=523&cid=902634650,13.02.2020
https://13tv.co.il/item/news/politics/security/netanyahu-otef-1007649/?pid=523&cid=902634874,16.02.2020
https://13tv.co.il/item/news/politics/security/idf-response-1007373/?pid=523&cid=902634841,16.02.2020
https://13tv.co.il/item/news/politics/security/baloons-halt-1004257/?pid=523&cid=902634376,11.02.2020
https://13tv.co.il/item/news/politics/security/benet-hamas-1003061/?pid=523&cid=902634211,09.02.2020
https://13tv.co.il/item/news/politics/security/south-shooting-1005003/?pid=523&cid=902634471,11.02.2020
https://13tv.co.il/item/news/politics/security/syria-attack-1000948/?pid=523&cid=902633910,06.02.2020
https://13tv.co.il/item/news/politics/security/assault-in-gaza-1000611/?pid=523&cid=902633877,06.02.2020
https://13tv.co.il/item/news/politics/security/gaza-fishing-1000115/?pid=523&cid=902633803,05.02.2020
https://13tv.co.il/item/news/politics/security/south-shooting-1000463/?pid=523&cid=902633852,05.02.2020
https://13tv.co.il/item/news/politics/security/rocket-otef-1002560/?pid=523&cid=902634135,08.02.2020
https://13tv.co.il/item/news/politics/security/terror-attack-1001188/?pid=523&cid=902633934,06.02.2020
https://13tv.co.il/item/news/politics/security/rocket-gaza-996813/?pid=523&cid=902633346,31.01.2020
https://13tv.co.il/item/news/politics/security/fear-of-a-day-of-rage-994454/?pid=523&cid=902633066,29.01.2020
https://13tv.co.il/item/news/politics/security/netivot-alarm-999709/?pid=523&cid=902633761,05.02.2020
https://13tv.co.il/item/news/politics/security/rocket-gaza-996348/?pid=523&cid=902633287,30.01.2020
https://13tv.co.il/item/news/politics/security/south-rockets-997339/?pid=523&cid=902633435,02.02.2020
https://13tv.co.il/item/news/politics/security/south-rockets-997258/?pid=523&cid=902633423,01.02.2020
https://13tv.co.il/item/news/politics/security/south-995180/?pid=523&cid=902633149,29.01.2020
https://13tv.co.il/item/news/politics/security/hamas-blue-id-993089/?pid=523&cid=902632874,27.01.2020
https://13tv.co.il/item/news/politics/security/gaza-strike-995968/?pid=523&cid=902633232,30.01.2020
https://13tv.co.il/item/news/politics/security/a-missile-experiment-996480/?pid=523&cid=902633305,31.01.2020
https://13tv.co.il/item/news/politics/security/idf-is-attacking-the-gaza-strip-991868/?pid=523&cid=902632701,25.01.2020
https://13tv.co.il/item/news/politics/security/gaza-shooting-992402/?pid=523&cid=902632780,26.01.2020
https://13tv.co.il/item/news/politics/security/gaza-strikes-985630/?pid=523&cid=902631824,16.01.2020
https://13tv.co.il/item/news/politics/security/balloons-gaza-985844/?pid=523&cid=902631856,17.01.2020
https://13tv.co.il/item/news/politics/security/the-future-simulator-988494/?pid=523&cid=902632285,21.01.2020
https://13tv.co.il/item/news/politics/security/the-idf-concludes-2019-974860/?pid=523&cid=902630308,03.01.2020
https://13tv.co.il/item/news/politics/security/gaza-alarm-981952/?pid=523&cid=902631256,12.01.2020
https://13tv.co.il/item/news/politics/security/alert-south-984499/?pid=523&cid=902631643,15.01.2020
https://13tv.co.il/item/news/politics/security/idf-rocket-984804/?pid=523&cid=902631689,15.01.2020
https://13tv.co.il/item/news/politics/security/balloons-south-985350/?pid=523&cid=902631762,16.01.2020
https://13tv.co.il/item/news/politics/security/gaza-escalation-985116/?pid=523&cid=902631734,16.01.2020
https://13tv.co.il/item/news/politics/security/laser-weapon-979382/?pid=523&cid=902630854,08.01.2020
https://13tv.co.il/item/news/politics/security/intelligence-assessments-983865/?pid=523&cid=902631531,14.01.2020
https://13tv.co.il/item/news/politics/security/abu-mazen-netanyahu-973707/?pid=523&cid=902630158,01.01.2020
https://13tv.co.il/item/news/politics/security/syria-attack-966246/?pid=523&cid=902717258,22.12.2019
https://13tv.co.il/item/news/politics/security/idf-attack-gaza-968540/?pid=523&cid=902717629,25.12.2019
https://13tv.co.il/item/news/politics/security/rockets-netanyahu-968430/?pid=523&cid=902717608,25.12.2019
https://13tv.co.il/item/news/politics/security/hamas-gaza-32years-959765/?pid=523&cid=902716233,13.12.2019
https://13tv.co.il/item/news/politics/security/iran-tunnel-957382/?pid=523&cid=902715912,10.12.2019
https://13tv.co.il/item/news/politics/security/security-with-planting-trees-961764/?pid=523&cid=902716584,17.12.2019
https://13tv.co.il/item/news/politics/security/alarm-sderot-963570/?pid=523&cid=902716866,19.12.2019
https://13tv.co.il/item/news/politics/security/gaza-red-964435/?pid=523&cid=902716960,19.12.2019
https://13tv.co.il/item/news/politics/security/gaza-strikes-964530/?pid=523&cid=902716972,19.12.2019
https://13tv.co.il/item/news/politics/security/secret-agent-hammas-962733/?pid=523&cid=902716756,18.12.2019
https://13tv.co.il/item/news/politics/security/netiv-haasara-funding-964500/?pid=523&cid=902716969,19.12.2019
https://13tv.co.il/item/news/politics/security/attack-in-gaza-955025/?pid=523&cid=902715571,08.12.2019
https://13tv.co.il/item/news/politics/security/south-mayors-955272/?pid=523&cid=902715596,08.12.2019
https://13tv.co.il/item/news/politics/security/benet-sderot-955523/?pid=523&cid=902715635,08.12.2019
https://13tv.co.il/item/news/politics/security/zarif-israeli-missile-954499/?pid=523&cid=902715485,06.12.2019
https://13tv.co.il/item/news/politics/security/test-rocket-954088/?pid=523&cid=902715414,06.12.2019
https://13tv.co.il/item/news/politics/security/bnei-akiva-rocket-954972/?pid=523&cid=902715565,07.12.2019
https://13tv.co.il/item/news/politics/security/south-954952/?pid=523&cid=902715562,07.12.2019
https://13tv.co.il/item/news/politics/security/riots_gaza-954009/?pid=523&cid=902715390,06.12.2019
https://13tv.co.il/item/news/politics/security/rocket-test-954139/?pid=523&cid=902715423,06.12.2019
https://13tv.co.il/item/news/politics/security/gaza-halt-protests-948346/?pid=523&cid=902714533,28.11.2019
https://13tv.co.il/item/news/politics/security/yasur-incident-947484/?pid=523&cid=902714395,27.11.2019
https://13tv.co.il/item/news/politics/security/south-949071/?pid=523&cid=902714649,29.11.2019
https://13tv.co.il/item/news/politics/security/rocket-gaza-949560/?pid=523&cid=902714729,30.11.2019
https://13tv.co.il/item/news/politics/security/gaza-protests-947509/?pid=523&cid=902714400,27.11.2019
https://13tv.co.il/item/news/politics/security/darom-946631/?pid=523&cid=902714269,26.11.2019
https://13tv.co.il/item/news/politics/security/cherbourg-navy-operation-949345/?pid=523&cid=902714694,30.11.2019
https://13tv.co.il/item/news/politics/security/south-alarm-948953/?pid=523&cid=902714631,29.11.2019
https://13tv.co.il/item/news/politics/security/bennett-946854/?pid=523&cid=902714319,27.11.2019
https://13tv.co.il/item/news/politics/security/kids-afraid-in-ashkelon-947117/?pid=523&cid=902714341,27.11.2019
https://13tv.co.il/item/news/politics/security/benet-940290/?pid=523&cid=902713342,18.11.2019
https://13tv.co.il/item/news/politics/security/forum-under-rockets-938790/?pid=523&cid=902713114,16.11.2019
https://13tv.co.il/item/news/politics/security/alarm-in-the-south-945579/?pid=523&cid=902714118,25.11.2019
https://13tv.co.il/item/news/politics/security/security-coordinators-940417/?pid=523&cid=902713369,18.11.2019
https://13tv.co.il/item/news/politics/security/alarms_golan-940802/?pid=523&cid=902713427,19.11.2019
https://13tv.co.il/item/news/politics/security/hamas-responsibility-938799/?pid=523&cid=902713117,16.11.2019
https://13tv.co.il/item/news/politics/security/hamas-response-938743/?pid=523&cid=902713102,16.11.2019
https://13tv.co.il/item/news/politics/security/syria_airstrikes-941607/?pid=523&cid=902713540,20.11.2019
https://13tv.co.il/item/news/politics/security/concrete-shield-fell-945980/?pid=523&cid=902714188,26.11.2019
https://13tv.co.il/item/news/politics/security/batito-rockets-940120/?pid=523&cid=902713323,18.11.2019
https://13tv.co.il/item/news/politics/security/iran-denies-942658/?pid=523&cid=902713693,21.11.2019
https://13tv.co.il/item/news/politics/security/iran-syria-942266/?pid=523&cid=902713629,20.11.2019
https://13tv.co.il/item/news/politics/security/forum-beer-sheva-938657/?pid=523&cid=902713095,16.11.2019
https://13tv.co.il/item/news/politics/security/alarm-beer-sheva-938573/?pid=523&cid=902713077,16.11.2019
https://13tv.co.il/item/news/politics/security/lasri-ceasefire-937514/?pid=523&cid=902712908,14.11.2019
https://13tv.co.il/item/news/politics/security/idf_twitter_account-938315/?pid=523&cid=902713020,15.11.2019
https://13tv.co.il/item/news/politics/security/rocket-on-the-road-938518/?pid=523&cid=902713062,15.11.2019
https://13tv.co.il/item/news/politics/security/south-tourism-938111/?pid=523&cid=902712987,15.11.2019
https://13tv.co.il/item/news/politics/security/tydsw-938075/?pid=523&cid=902712983,15.11.2019
https://13tv.co.il/item/news/politics/security/gaza-attack-937366/?pid=523&cid=902712896,14.11.2019
https://13tv.co.il/item/news/politics/security/hammas-938401/?pid=523&cid=902713035,15.11.2019
https://13tv.co.il/item/news/politics/security/streets_of_gaza-936896/?pid=523&cid=902712841,14.11.2019
https://13tv.co.il/item/news/politics/security/routine-south-938288/?pid=523&cid=902713017,15.11.2019
https://13tv.co.il/item/news/politics/security/alarm-south-937730/?pid=523&cid=902712929,14.11.2019
https://13tv.co.il/item/news/politics/security/day-with-police-936951/?pid=523&cid=902712853,13.11.2019
https://13tv.co.il/item/news/politics/security/idf-strike-gaza-938164/?pid=523&cid=902712996,15.11.2019
https://13tv.co.il/item/news/politics/security/cd9es-937243/?pid=523&cid=902712887,14.11.2019
https://13tv.co.il/item/news/politics/security/life-under-rockets-937013/?pid=523&cid=902712862,14.11.2019
https://13tv.co.il/item/news/politics/security/road-rocket-937103/?pid=523&cid=902712872,14.11.2019
https://13tv.co.il/item/news/politics/security/black-belt-937815/?pid=523&cid=902712944,14.11.2019
https://13tv.co.il/item/news/politics/security/alarm-south-937995/?pid=523&cid=902712968,14.11.2019
https://13tv.co.il/item/news/politics/security/gaza-attack-935047/?pid=523&cid=902712685,12.11.2019
https://13tv.co.il/item/news/politics/security/cabinet-meeting-south-934851/?pid=523&cid=902712676,12.11.2019
https://13tv.co.il/item/news/politics/security/rockets_ashdod-934556/?pid=523&cid=902712664,12.11.2019
https://13tv.co.il/item/news/politics/security/gaza-attack-935763/?pid=523&cid=902712740,12.11.2019
https://13tv.co.il/item/news/politics/security/jihad-anti-tanks-936314/?pid=523&cid=902712793,13.11.2019
https://13tv.co.il/item/news/politics/security/gaza-attack-935413/?pid=523&cid=902712704,12.11.2019
https://13tv.co.il/item/news/politics/security/tourists-in-israel-936987/?pid=523&cid=902712859,13.11.2019
https://13tv.co.il/item/news/politics/security/rocket_hit-935380/?pid=523&cid=902712701,12.11.2019
https://13tv.co.il/item/news/politics/security/hamas-935226/?pid=523&cid=902712695,12.11.2019
https://13tv.co.il/item/news/politics/security/rocket-plain-936988/?pid=523&cid=902712856,13.11.2019
https://13tv.co.il/item/news/politics/security/palestinian-islamic-jihad-936917/?pid=523&cid=902712838,13.11.2019
https://13tv.co.il/item/news/politics/security/ben-shabat-935557/?pid=523&cid=902712713,12.11.2019
https://13tv.co.il/item/news/politics/security/wedding_cancellation-935386/?pid=523&cid=902712710,12.11.2019
https://13tv.co.il/item/news/politics/security/shooting-reaction-934763/?pid=523&cid=902712673,12.11.2019
https://13tv.co.il/item/news/politics/security/gaza-attack-935566/?pid=523&cid=902712716,12.11.2019
https://13tv.co.il/item/news/politics/security/netta-barzilai-wedding-936669/?pid=523&cid=902712820,13.11.2019
https://13tv.co.il/item/news/politics/security/jihad-response-936129/?pid=523&cid=902712778,13.11.2019
https://13tv.co.il/item/news/politics/security/pikude-instructions-934593/?pid=523&cid=902712667,12.11.2019
https://13tv.co.il/item/news/politics/security/netanyahu-arab-mp-936213/?pid=523&cid=902712787,13.11.2019
https://13tv.co.il/item/news/politics/security/jihad_price_south_israel-936754/?pid=523&cid=902712823,13.11.2019
https://13tv.co.il/item/news/politics/security/rocket-hit-934987/?pid=523&cid=902712682,12.11.2019
https://13tv.co.il/item/news/politics/security/gaza-otef-935745/?pid=523&cid=902712737,12.11.2019
https://13tv.co.il/item/news/politics/security/jihad-leader-928349/?pid=523&cid=902711686,03.11.2019
https://13tv.co.il/item/news/politics/security/netanyahu-927906/?pid=523&cid=902711624,03.11.2019
https://13tv.co.il/item/news/politics/security/cabinet-928136/?pid=523&cid=902711654,03.11.2019
https://13tv.co.il/item/news/politics/security/live-in-south-928075/?pid=523&cid=902711645,03.11.2019
https://13tv.co.il/item/news/politics/security/sderot-house-924378/?pid=523&cid=902711545,02.11.2019
https://13tv.co.il/item/news/politics/security/israeli-missile-in-russia-930334/?pid=523&cid=902712021,06.11.2019
https://13tv.co.il/item/news/politics/security/gaza-south-924704/?pid=523&cid=902711607,03.11.2019
https://13tv.co.il/item/news/politics/security/gihad_commander-934534/?pid=523&cid=902712658,12.11.2019
https://13tv.co.il/item/news/politics/security/missile-in-syria-930529/?pid=523&cid=902712048,06.11.2019
https://13tv.co.il/item/news/politics/security/red-alert-923909/?pid=523&cid=902711480,01.11.2019
https://13tv.co.il/item/news/politics/security/iran-missiles-921543/?pid=523&cid=902711086,29.10.2019
https://13tv.co.il/item/news/politics/security/jihad-response-924317/?pid=523&cid=902711530,02.11.2019
https://13tv.co.il/item/news/politics/security/drone_lebanon-922881/?pid=523&cid=902711314,31.10.2019
https://13tv.co.il/item/news/politics/security/norkin-iranin-attack-922619/?pid=523&cid=902711272,31.10.2019
https://13tv.co.il/item/news/politics/security/hamas-denies-924284/?pid=523&cid=902711521,02.11.2019
https://13tv.co.il/item/news/politics/security/rockets-alarm-923225/?pid=523&cid=902711348,31.10.2019
https://13tv.co.il/item/news/politics/security/airforce-gaza-after-rockets-924102/?pid=523&cid=902711495,02.11.2019
https://13tv.co.il/item/news/politics/security/adi-otef-924300/?pid=523&cid=902711524,02.11.2019
https://13tv.co.il/item/news/politics/security/hamas-response-924230/?pid=523&cid=902711515,02.11.2019
https://13tv.co.il/item/news/politics/security/gaza-protests-923750/?pid=523&cid=902711453,01.11.2019
https://13tv.co.il/item/news/politics/security/pop-star-system-902956/?pid=523&cid=902709836,17.10.2019
https://13tv.co.il/item/news/politics/security/idf-iran-attack-896043-902708887/?pid=523&cid=902708887,07.10.2019
https://13tv.co.il/item/news/politics/security/eshkol-alert-894035/?pid=523&cid=902708560,04.10.2019
https://13tv.co.il/item/news/politics/security/jqycq-890253/?pid=523&cid=902707976,28.09.2019
https://13tv.co.il/item/news/politics/security/rocket_death-672837/?pid=523&cid=902702544,22.09.2019
https://13tv.co.il/item/news/politics/security/thq2w-538577/?pid=523&cid=902698699,19.09.2019
https://13tv.co.il/item/news/politics/security/jfkxr-357236/?pid=523&cid=902692340,13.09.2019
https://13tv.co.il/item/news/politics/security/gaza-rocket-idf-436801/?pid=523&cid=902695387,18.09.2019
https://13tv.co.il/item/news/politics/security/syria-attacks-353578/?pid=523&cid=902691869,09.09.2019
https://13tv.co.il/item/news/politics/security/south-escalation-352219/?pid=523&cid=902691677,07.09.2019
https://13tv.co.il/item/news/politics/security/amit-botner-355987/?pid=523&cid=902692153,11.09.2019
https://13tv.co.il/item/news/politics/security/darom-355478/?pid=523&cid=902692084,11.09.2019
https://13tv.co.il/item/news/politics/security/hamas-gaza-shoot-356364/?pid=523&cid=902692218,12.09.2019
https://13tv.co.il/item/news/politics/security/idf-attacks-352291/?pid=523&cid=902691689,07.09.2019
https://13tv.co.il/item/news/politics/security/kochavi-lebanon-355252/?pid=523&cid=902692062,10.09.2019
https://13tv.co.il/item/news/politics/security/gaza-strikes-356214/?pid=523&cid=902692191,11.09.2019
https://13tv.co.il/item/news/politics/security/iran-jihad-353144/?pid=523&cid=902691800,08.09.2019
https://13tv.co.il/item/news/politics/security/rocket-south-355225/?pid=523&cid=902692059,10.09.2019
https://13tv.co.il/item/news/politics/security/rocket-south-355740/?pid=523&cid=902692123,11.09.2019
https://13tv.co.il/item/news/politics/security/darom-351616/?pid=523&cid=902691602,06.09.2019
https://13tv.co.il/item/news/politics/security/kochavi-lebanon-347528/?pid=523&cid=902691042,02.09.2019
https://13tv.co.il/item/news/politics/security/gaza-hamas-351958/?pid=523&cid=902691641,07.09.2019
https://13tv.co.il/item/news/politics/security/nasralla-348049/?pid=523&cid=902691105,02.09.2019
https://13tv.co.il/item/news/politics/security/missiles-projects-site-348839/?pid=523&cid=902691202,03.09.2019
https://13tv.co.il/item/news/politics/security/cornet-hezbolla-347926/?pid=523&cid=902691078,02.09.2019
https://13tv.co.il/item/news/politics/security/nasrallah-attack-347797/?pid=523&cid=902691063,02.09.2019
https://13tv.co.il/item/news/politics/security/gantz-ashkenzi-347398/?pid=523&cid=902691024,02.09.2019
https://13tv.co.il/item/news/politics/security/fuel-gaza-346448/?pid=523&cid=902690897,01.09.2019
https://13tv.co.il/item/news/politics/security/gx0mj-347093/?pid=523&cid=902690952,01.09.2019
https://13tv.co.il/item/news/politics/security/ws5uu-346043/?pid=523&cid=902690846,31.08.2019
https://13tv.co.il/item/news/politics/security/hizbullah-missiles-project-344516/?pid=523&cid=902690618,29.08.2019
https://13tv.co.il/item/news/politics/security/north-346742/?pid=523&cid=902690940,01.09.2019
https://13tv.co.il/item/news/politics/security/hezbollah-speach-347155/?pid=523&cid=902690964,01.09.2019
https://13tv.co.il/item/news/politics/security/north-rocket-from-lebanon-346751/?pid=523&cid=902690931,01.09.2019
https://13tv.co.il/item/news/politics/security/hezbolla-north-346796/?pid=523&cid=902690934,01.09.2019
https://13tv.co.il/item/news/politics/security/netanyahu-north-346940/?pid=523&cid=902690937,01.09.2019
https://13tv.co.il/item/news/politics/security/hamas-south-345197/?pid=523&cid=902690709,30.08.2019
https://13tv.co.il/item/news/politics/security/lebanon-idf-346505/?pid=523&cid=902690903,01.09.2019
https://13tv.co.il/item/news/politics/security/north-escaltion-345583/?pid=523&cid=902690766,31.08.2019
https://13tv.co.il/item/news/politics/security/yy-z1-343664/?pid=523&cid=902690508,28.08.2019
https://13tv.co.il/item/news/politics/security/pool-alarm-mom-344080/?pid=523&cid=902690574,29.08.2019
https://13tv.co.il/item/news/politics/security/south-song-341989/?pid=523&cid=902690316,27.08.2019
https://13tv.co.il/item/news/politics/security/idf-gaza-rocket-342230/?pid=523&cid=902690343,27.08.2019
https://13tv.co.il/item/news/politics/security/beirut-target-341477/?pid=523&cid=902690245,26.08.2019
https://13tv.co.il/item/news/politics/security/cabinet-north-south-escalation-340676/?pid=523&cid=902690156,26.08.2019
https://13tv.co.il/item/news/politics/security/hezbollah-israel-attack-342355/?pid=523&cid=902690355,27.08.2019
https://13tv.co.il/item/news/politics/security/lebanon-342151/?pid=523&cid=902690337,27.08.2019
https://13tv.co.il/item/news/politics/security/lebanon_attack_report-342581/?pid=523&cid=902690377,27.08.2019
https://13tv.co.il/item/news/politics/security/hamas-gaza-340729/?pid=523&cid=902690165,26.08.2019
https://13tv.co.il/item/news/politics/security/gaza-idf-attack-340547/?pid=523&cid=902690144,26.08.2019
https://13tv.co.il/item/news/politics/security/manelis-syria-339890/?pid=523&cid=902690062,25.08.2019
https://13tv.co.il/item/news/politics/security/south-alert-340334/?pid=523&cid=902690111,25.08.2019
https://13tv.co.il/item/news/politics/security/hamas-israel-333856/?pid=523&cid=902689254,18.08.2019
https://13tv.co.il/item/news/politics/security/avichay-adraee-facebook-337637/?pid=523&cid=902689782,22.08.2019
https://13tv.co.il/item/news/politics/security/rocket-south-336932/?pid=523&cid=902689699,21.08.2019
https://13tv.co.il/item/news/politics/security/darom-335117/?pid=523&cid=902689434,20.08.2019
https://13tv.co.il/item/news/politics/security/gaza-attack-337172/?pid=523&cid=902689730,22.08.2019
https://13tv.co.il/item/news/politics/security/hartzi-halevi-moshe-feder-336865/?pid=523&cid=902689693,21.08.2019
https://13tv.co.il/item/news/politics/security/taglit-south-gaza-334619/?pid=523&cid=902689356,19.08.2019
https://13tv.co.il/item/news/politics/security/gaza-killed-terrorists-333105/?pid=523&cid=902689170,18.08.2019
https://13tv.co.il/item/news/politics/security/child-sderot-interview-338216/?pid=523&cid=902689870,23.08.2019
https://13tv.co.il/item/news/politics/security/gaza-alerts-332887/?pid=523&cid=902689134,17.08.2019
https://13tv.co.il/item/news/politics/security/hamas-spokeperson-332601/?pid=523&cid=902689090,17.08.2019
https://13tv.co.il/item/news/politics/security/mount-temple-327563/?pid=523&cid=902688452,12.08.2019
https://13tv.co.il/item/news/politics/security/strike_gaza-332472/?pid=523&cid=902689066,17.08.2019
https://13tv.co.il/item/news/politics/security/gaza-rocket-sderot-332320/?pid=523&cid=902689049,16.08.2019
https://13tv.co.il/item/news/politics/security/arrow-experiment-314079/?pid=523&cid=902686765,28.07.2019
https://13tv.co.il/item/news/politics/security/gaza-minute-after-minute-317973/?pid=523&cid=902687293,01.08.2019
https://13tv.co.il/item/news/politics/security/shayetet13-tzalash-310458/?pid=523&cid=902685669,24.07.2019
https://13tv.co.il/item/news/politics/security/gaza-shared-interests-317713/?pid=523&cid=902687263,01.08.2019
https://13tv.co.il/item/news/politics/security/arrow-expirement-313214/?pid=523&cid=902686095,28.07.2019
https://13tv.co.il/item/news/politics/security/sirya-attack-318003/?pid=523&cid=902687296,01.08.2019
https://13tv.co.il/item/news/politics/security/hizballah-iran-309337/?pid=523&cid=902685530,23.07.2019
https://13tv.co.il/item/news/politics/security/hizbullah-extermination-syria-309993/?pid=523&cid=902685621,24.07.2019
https://13tv.co.il/item/news/politics/security/syriaattack-309598/?pid=523&cid=902685575,24.07.2019
https://13tv.co.il/item/news/politics/security/nasrallah-299278/?pid=523&cid=902684289,12.07.2019
https://13tv.co.il/item/news/politics/security/vcen-302346/?pid=523&cid=902684694,16.07.2019
https://13tv.co.il/item/news/politics/security/s-400-turkey-300962/?pid=523&cid=902684502,14.07.2019
https://13tv.co.il/item/news/politics/security/syria-hezbollah-308489/?pid=523&cid=902685441,22.07.2019
https://13tv.co.il/item/news/politics/security/egypt-gaza-tension-299689/?pid=523&cid=902684351,13.07.2019
https://13tv.co.il/item/news/politics/security/rahat-hamas-306615/?pid=523&cid=902685233,21.07.2019
https://13tv.co.il/item/news/politics/security/israel-usa-russia-302524/?pid=523&cid=902684721,16.07.2019
https://13tv.co.il/item/news/politics/security/r9r7w-299487/?pid=523&cid=902684323,13.07.2019
https://13tv.co.il/item/news/politics/security/otef-gaza-rocket-299281/?pid=523&cid=902684286,12.07.2019
https://13tv.co.il/item/news/politics/security/gaza-whatnow-295073/?pid=523&cid=902683718,07.07.2019
https://13tv.co.il/item/news/politics/security/red_alarm_sderot-291351/?pid=523&cid=902683265,03.07.2019
https://13tv.co.il/item/news/politics/security/netanyahu-iran-294525/?pid=523&cid=902683658,07.07.2019
https://13tv.co.il/item/news/politics/security/ashkelon-rivka-294771/?pid=523&cid=902683673,07.07.2019
https://13tv.co.il/item/news/politics/security/hizballah-sanctions-296811/?pid=523&cid=902683932,09.07.2019
https://13tv.co.il/item/news/politics/security/gaza-tunnels-tzuk5years-296017/?pid=523&cid=902683826,08.07.2019
https://13tv.co.il/item/news/politics/security/kidum-protective-edge-293661/?pid=523&cid=902683549,06.07.2019
https://13tv.co.il/item/news/politics/security/katar-money-gaza-293363/?pid=523&cid=902683511,05.07.2019
https://13tv.co.il/item/news/politics/security/syria-attack-288921/?pid=523&cid=902683043,01.07.2019
https://13tv.co.il/item/news/politics/security/s-300-syria-288507/?pid=523&cid=902682992,30.06.2019
https://13tv.co.il/item/news/politics/security/israel-hamas-286675/?pid=523&cid=902682731,28.06.2019
https://13tv.co.il/item/news/politics/security/malatim-278022/?pid=523&cid=902681633,19.06.2019
https://13tv.co.il/item/news/politics/security/hamas-mladenov-274296/?pid=523&cid=902681153,14.06.2019
https://13tv.co.il/item/news/politics/security/gaza-families-leaving-274218/?pid=523&cid=902681144,14.06.2019
https://13tv.co.il/item/news/politics/security/gaza-tension-274102/?pid=523&cid=902681132,14.06.2019
https://13tv.co.il/item/news/politics/security/new-iron-dome-278551/?pid=523&cid=902681699,19.06.2019
https://13tv.co.il/item/news/politics/security/kipatbarzel-south-273982/?pid=523&cid=902681123,14.06.2019
https://13tv.co.il/item/news/politics/security/hamas-275394/?pid=523&cid=902681298,16.06.2019
https://13tv.co.il/item/news/politics/security/tamir-hayman-265500/?pid=523&cid=902680076,05.06.2019
https://13tv.co.il/item/news/politics/security/mum5x-267860/?pid=523&cid=902680342,07.06.2019
https://13tv.co.il/item/news/politics/security/gaza-attack-273575/?pid=523&cid=902681084,14.06.2019
https://13tv.co.il/item/news/politics/security/syria-hermon-267239/?pid=523&cid=902680250,06.06.2019
https://13tv.co.il/item/news/politics/security/drone_lebanon_border-271724/?pid=523&cid=902680862,12.06.2019
https://13tv.co.il/item/news/politics/security/daraa-attack-271473/?pid=523&cid=902680829,12.06.2019
https://13tv.co.il/item/news/politics/security/netanyahu-syria-efraimkatzir-271895/?pid=523&cid=902680878,12.06.2019
https://13tv.co.il/item/news/politics/security/ceasefire-month-gaza-266780/?pid=523&cid=902680222,07.06.2019
https://13tv.co.il/item/news/politics/security/benny-gantz-gaza-272720/?pid=523&cid=902680979,13.06.2019
https://13tv.co.il/item/news/politics/security/politicscomments-rocket-273438/?pid=523&cid=902681057,13.06.2019
https://13tv.co.il/item/news/politics/security/otef-268179/?pid=523&cid=902680382,07.06.2019
https://13tv.co.il/item/news/politics/security/rocket-sderot-ibim-273312/?pid=523&cid=902681045,13.06.2019
https://13tv.co.il/item/news/politics/security/gaza-272529/?pid=523&cid=902680952,13.06.2019
https://13tv.co.il/item/news/politics/security/moshefeder-kids-erez-258519/?pid=523&cid=902679271,28.05.2019
https://13tv.co.il/item/news/politics/security/syria-262366/?pid=523&cid=902679688,02.06.2019
https://13tv.co.il/item/news/politics/security/apv5h-261788/?pid=523&cid=902679629,01.06.2019
https://13tv.co.il/item/news/politics/security/syria-tvreport-262036/?pid=523&cid=902679652,02.06.2019
https://13tv.co.il/item/news/politics/security/jihad_attacks-260397/?pid=523&cid=902679443,30.05.2019
https://13tv.co.il/item/news/politics/security/hizbullah-262205/?pid=523&cid=902679667,02.06.2019
https://13tv.co.il/item/news/politics/security/rockets-wallstreetjournal-264224/?pid=523&cid=902679920,04.06.2019
https://13tv.co.il/item/news/politics/security/hermon-262543/?pid=523&cid=902679714,02.06.2019
https://13tv.co.il/item/news/politics/security/sinwar-threat-tel-aviv-260530/?pid=523&cid=902679456,30.05.2019
https://13tv.co.il/item/news/politics/security/syria-homs-attack-263171/?pid=523&cid=902679790,03.06.2019
https://13tv.co.il/item/news/politics/security/defence_lebanon_war-251531/?pid=523&cid=902678569,21.05.2019
https://13tv.co.il/item/news/politics/security/o58kx-248009/?pid=523&cid=902677976,17.05.2019
https://13tv.co.il/item/news/politics/security/netanyahu-tension-245995/?pid=523&cid=902677724,15.05.2019
https://13tv.co.il/item/news/politics/security/erez-kerem-shalom-242327/?pid=523&cid=902677297,12.05.2019
https://13tv.co.il/item/news/politics/security/hamas-nakba-245797/?pid=523&cid=902677696,15.05.2019
https://13tv.co.il/item/news/politics/security/baloons-omer-252953/?pid=523&cid=902678732,23.05.2019
https://13tv.co.il/item/news/politics/security/gaza-newwall-243928/?pid=523&cid=902677502,13.05.2019
https://13tv.co.il/item/news/politics/security/terror-warning-usa-244201/?pid=523&cid=902677529,14.05.2019
https://13tv.co.il/item/news/politics/security/hezbollah_israel-250636/?pid=523&cid=902678470,21.05.2019
https://13tv.co.il/item/news/politics/security/jihad-threat-239497/?pid=523&cid=902676986,07.05.2019
https://13tv.co.il/item/news/politics/security/anti-tank-rocket-moshe-feder-south-237562/?pid=523&cid=902676769,06.05.2019
https://13tv.co.il/item/news/politics/security/zikim_sdut_yam-237437/?pid=523&cid=902676745,06.05.2019
https://13tv.co.il/item/news/politics/security/gaza-strip-cease-fire-238259/?pid=523&cid=902676853,06.05.2019
https://13tv.co.il/item/news/politics/security/cease-fire-idf-238078/?pid=523&cid=902676826,06.05.2019
https://13tv.co.il/item/news/politics/security/israel-hamas-240529/?pid=523&cid=902677088,09.05.2019
https://13tv.co.il/item/news/politics/security/netanyahu-cease-fire-238120/?pid=523&cid=902676832,06.05.2019
https://13tv.co.il/item/news/politics/security/gaza-wall-239081/?pid=523&cid=902676953,07.05.2019
https://13tv.co.il/item/news/politics/security/hamas-237650/?pid=523&cid=902676784,06.05.2019
https://13tv.co.il/item/news/politics/security/escalation-south-237206/?pid=523&cid=902676715,05.05.2019
https://13tv.co.il/item/news/politics/security/eurovision-australiam5eqa-237215/?pid=523&cid=902676718,05.05.2019
https://13tv.co.il/item/news/politics/security/gaza-friday-tension-241255/?pid=523&cid=902677141,10.05.2019
https://13tv.co.il/item/news/politics/security/gaza-egypt-idf-south-236087/?pid=523&cid=902676640,05.05.2019
https://13tv.co.il/item/news/politics/security/gaza-shooting-236704/?pid=523&cid=902676676,05.05.2019
https://13tv.co.il/item/news/politics/security/bus-fire-236723/?pid=523&cid=902676679,05.05.2019
https://13tv.co.il/item/news/politics/security/south-attacks-236938/?pid=523&cid=902676700,05.05.2019
https://13tv.co.il/item/news/politics/security/gaza-cabinet-south-236650/?pid=523&cid=902676673,05.05.2019
https://13tv.co.il/item/news/politics/security/kiryat-gat-hit-235684/?pid=523&cid=902676615,04.05.2019
https://13tv.co.il/item/news/politics/security/iaf-south-236771/?pid=523&cid=902676682,05.05.2019
https://13tv.co.il/item/news/politics/security/cabinet-meeting-gaza-235418/?pid=523&cid=902676591,04.05.2019
https://13tv.co.il/item/news/politics/security/manelis-gush-dan-235624/?pid=523&cid=902676609,04.05.2019
https://13tv.co.il/item/news/politics/security/gaza-ashkelon-deadgnlf1-235997/?pid=523&cid=902676636,05.05.2019
https://13tv.co.il/item/news/politics/security/beer-sheva-shooting-235907/?pid=523&cid=902676630,04.05.2019
https://13tv.co.il/item/news/politics/security/w40j0-236336/?pid=523&cid=902676658,05.05.2019
https://13tv.co.il/item/news/politics/security/s014d-235141/?pid=523&cid=902676580,04.05.2019
https://13tv.co.il/item/news/politics/security/attack-south-236927/?pid=523&cid=902676697,05.05.2019
https://13tv.co.il/item/news/politics/security/assf5-235252/?pid=523&cid=902676588,04.05.2019
https://13tv.co.il/item/news/politics/security/hamas-blackmail-235480/?pid=523&cid=902676594,04.05.2019
https://13tv.co.il/item/news/politics/security/fukq9-236462/?pid=523&cid=902676670,05.05.2019
https://13tv.co.il/item/news/politics/security/headlines-05-04-235615/?pid=523&cid=902676606,04.05.2019
https://13tv.co.il/item/news/politics/security/ashkelon-south-rocket-236107/?pid=523&cid=902676643,05.05.2019
https://13tv.co.il/item/news/politics/security/sdetort-kindergarden-missile-236266/?pid=523&cid=902676655,05.05.2019
https://13tv.co.il/item/news/politics/security/birthday-cancelled-south-236186/?pid=523&cid=902676649,05.05.2019
https://13tv.co.il/item/news/politics/security/gaza-233303/?pid=523&cid=902676367,02.05.2019
https://13tv.co.il/item/news/politics/security/gaza-protests-friday-234320/?pid=523&cid=902676494,03.05.2019
https://13tv.co.il/item/news/politics/security/eurovision-gaza-rocket-232493/?pid=523&cid=902676270,01.05.2019
https://13tv.co.il/item/news/politics/security/south-233093/?pid=523&cid=902676337,01.05.2019
https://13tv.co.il/item/news/politics/security/iron_dome-232187/?pid=523&cid=902676214,30.04.2019
https://13tv.co.il/item/news/politics/security/jihad-rocket-fish-231577/?pid=523&cid=902676169,30.04.2019
https://13tv.co.il/item/news/politics/security/rocket-gaza-sea-231434/?pid=523&cid=902676144,29.04.2019
https://13tv.co.il/item/news/politics/security/idf-blockroad-togaza-234905/?pid=523&cid=902676559,04.05.2019
https://13tv.co.il/item/news/politics/security/gantz-south-234973/?pid=523&cid=902676577,04.05.2019
https://13tv.co.il/item/news/politics/security/j2z8a-234988/?pid=523&cid=902676568,04.05.2019
https://13tv.co.il/item/news/politics/security/south_gaza/?pid=523&cid=902676550,03.05.2019
https://13tv.co.il/item/news/politics/security/gaza-rocket-224206/?pid=523&cid=902675257,20.04.2019
https://13tv.co.il/item/news/politics/security/tzahal_exercise-221974/?pid=523&cid=902674983,17.04.2019
https://13tv.co.il/item/news/politics/security/syria-missile-factory-attack-219326/?pid=523&cid=902674679,14.04.2019
https://13tv.co.il/item/news/politics/security/france-warns-lebanon-224171/?pid=523&cid=902675248,20.04.2019
https://13tv.co.il/item/news/politics/security/syria-attack-218480/?pid=523&cid=902674577,13.04.2019
https://13tv.co.il/item/news/politics/security/haniam65ve-4976/?pid=523&cid=902673754,01.04.2019
https://13tv.co.il/item/news/politics/security/prisoners-strike-middle-east-un-151661/?pid=523&cid=902674279,08.04.2019
https://13tv.co.il/item/news/politics/security/ehm63-3459/?pid=523&cid=902673394,28.03.2019
https://13tv.co.il/item/news/politics/security/pd16z-3171/?pid=523&cid=902673345,27.03.2019
https://13tv.co.il/item/news/politics/security/alarm-otef-gaza-4170/?pid=523&cid=902673532,31.03.2019
https://13tv.co.il/item/news/politics/security/apitz-3587/?pid=523&cid=902673436,28.03.2019
https://13tv.co.il/item/news/politics/security/ntr-1320987/?pid=523&cid=902692517,31.03.2019
https://13tv.co.il/item/news/politics/security/jihadattack-4775/?pid=523&cid=902673692,01.04.2019
https://13tv.co.il/item/news/politics/security/haniya-3845/?pid=523&cid=902673485,29.03.2019
https://13tv.co.il/item/news/politics/security/rci7v-3485/?pid=523&cid=902673406,28.03.2019
https://13tv.co.il/item/news/politics/security/ntr-1321068/?pid=523&cid=902692514,01.04.2019
https://13tv.co.il/item/news/politics/security/ntr-1314819/?pid=523&cid=902692538,20.01.2019
